store_id,product_id,MAE,RMSE,n_train,n_test
1,300,3.122606249999996,3.450249828524896,61,16
1,117,1.582854166666671,1.9404340848119552,61,16
1,691,1.9644374999999978,2.4631244118102398,61,16
1,70,1.2625625000000027,1.534149395611643,61,16
1,215,1.4871874999999988,2.036592212564353,61,16
1,4,1.02933333333333,1.2824279977622288,61,16
1,104,0.9776458333333404,1.2245220354398667,61,16
1,486,0.8246249999999997,1.0306807620855905,61,16
1,166,1.0931041666666657,1.2541313090254036,61,16
1,118,0.44252083333333303,0.6010947246944989,61,16
1,292,0.5646354166666667,0.7791769311712478,61,16
1,114,0.7361458333333337,0.9748313351264652,61,16
1,775,0.7699583333333335,0.9338990249962192,61,16
1,122,1.3128333333333289,1.840518539064161,61,16
1,796,1.0868541666666647,1.3181231685620265,61,16
1,19,0.6610833333333335,0.9056056828320909,61,16
1,834,1.146520833333336,1.3538032614945716,61,16
1,596,0.4866458333333328,0.5880599400193443,61,16
1,76,0.7198541666666671,0.88540309009199,61,16
1,381,0.4222916666666669,0.5235772122831767,61,16
1,769,0.7830208333333344,0.9208054332123242,61,16
1,290,0.5572958333333333,0.7253239171034017,61,16
1,190,0.7820000000000005,0.9582230516255937,61,16
1,90,1.1833291666666665,1.3852078222538788,61,16
1,296,0.3322875000000002,0.4278573603823282,61,16
1,810,0.47243749999999984,0.5492066690033702,61,16
1,740,0.4430208333333342,0.5480958515624803,61,16
1,783,0.7345000000000002,0.9325145888045578,61,16
1,201,0.2654583333333336,0.37073594226738943,61,16
1,207,0.589041666666666,0.7169104817819922,61,16
1,500,0.28752083333333345,0.35327386174027775,61,16
1,644,0.25310416666666685,0.32632855588944304,61,16
1,370,0.3557916666666667,0.48247056617188816,61,16
1,422,0.31008333333333293,0.3861946112749085,61,16
1,291,0.3869666666666661,0.4498521034740189,61,16
1,631,0.2575750000000003,0.33868688587937185,61,16
1,554,0.46696875000000027,0.5996842953565,61,16
1,489,0.5952500000000003,0.7074485748880349,61,16
1,578,0.27427083333333313,0.3700652063413209,61,16
1,6,0.5661874999999995,0.6891581871707272,61,16
1,127,0.46099999999999947,0.5794542571343401,61,16
1,26,0.3539125000000001,0.48645777737298723,61,16
1,345,0.19878541666666666,0.23465553817718046,61,16
1,23,0.5607791666666664,0.6772763063468914,61,16
1,843,0.2881833333333332,0.32661584638702235,61,16
1,439,0.49335416666666687,0.6059946999676559,61,16
1,638,0.19501666666666645,0.25542876589069663,61,16
1,58,0.31935833333333286,0.3961997284970179,61,16
1,38,0.4041458333333303,0.4788283515809967,61,16
1,415,0.2423520833333329,0.30151644659859644,61,16
131,300,2.0257437499999975,2.5723370218727575,61,16
131,4,2.1058958333333315,2.3536296924466815,61,16
131,117,1.233270833333332,1.3735749357667602,61,16
131,70,1.1831458333333347,1.4733695861867118,61,16
131,215,0.8824791666666681,1.1235587898132773,61,16
131,119,0.6274375000000001,0.7069651639618156,61,16
131,292,0.7986395833333386,0.9762457374711372,61,16
131,104,0.7150208333333359,0.8422506596085954,61,16
131,486,0.474312499999997,0.5959017384975832,61,16
131,596,0.3994583333333335,0.4643333782005244,61,16
131,296,0.5990625000000018,0.8149644611372141,61,16
131,166,1.9818125000000024,2.0854245787395715,61,16
131,118,0.31511249999999935,0.38174216393034416,61,16
131,740,0.4482708333333331,0.5444227001043292,61,16
131,122,0.8904458333333302,1.2909129183557537,61,16
131,802,1.0323125000000002,1.1776750135330203,61,16
131,834,1.022375,1.1778190237798758,61,16
131,631,0.35532916666666703,0.5051438624842985,61,16
131,19,0.4904020833333339,0.5689645216311823,61,16
131,223,0.3132083333333332,0.3743387317806038,61,16
131,290,0.39099791666666717,0.4967075807393012,61,16
131,682,0.35312500000000024,0.46882422375318666,61,16
131,76,0.5472499999999998,0.6744586924176879,61,16
131,769,0.3811041666666665,0.4740213969033698,61,16
131,363,0.4667708333333332,0.5421759977166087,61,16
131,291,0.3092895833333334,0.3675297534251857,61,16
131,629,0.28308333333333346,0.3327215218634212,61,16
131,379,0.35702083333333234,0.46908681232795135,61,16
131,41,0.5139583333333333,0.5931789710253281,61,16
131,567,0.28141666666666676,0.34088416491366796,61,16
131,422,0.2895625000000017,0.35779782660354886,61,16
131,194,0.5289708333333334,0.6747663087239104,61,16
131,638,0.21286666666666684,0.2710760809563742,61,16
131,345,0.1912854166666662,0.25910832020068747,61,16
131,783,0.5306458333333325,0.7155874189549908,61,16
131,774,0.3691666666666677,0.4260926966178981,61,16
131,250,0.19130000000000044,0.2691943633841131,61,16
131,74,0.20373958333333364,0.28801129860649577,61,16
131,496,0.25788124999999984,0.3340779334601433,61,16
131,644,0.5540208333333326,0.5979090707996023,61,16
131,635,0.25883333333333325,0.32333131442668656,61,16
131,411,0.4285416666666673,0.589377048718014,61,16
131,686,0.3488124999999995,0.4140756019939671,61,16
131,6,0.29406250000000056,0.33442428764470356,61,16
131,193,0.21541666666666656,0.29463763054527387,61,16
131,578,0.3887500000000002,0.5248387980026715,61,16
131,207,0.3145833333333333,0.38943022838215513,61,16
131,662,0.24504166666666685,0.3406673597514151,61,16
131,764,0.35963750000000005,0.4363087028316839,61,16
131,26,0.3628208333333334,0.48176152281093515,61,16
134,300,2.7581104166666695,3.471875825862492,61,16
134,691,1.616520833333332,2.047225468299854,61,16
134,413,0.4694166666666643,0.6423966951104947,61,16
134,117,0.9953958333333331,1.1971404673684327,61,16
134,70,1.0985486111111116,1.3232649526949865,61,16
134,796,1.6247708333333346,1.8600421870215753,61,16
134,4,0.6241666666666669,0.6850090429249014,61,16
134,215,0.7683541666666671,0.9373867820524603,61,16
134,481,0.7598333333333319,0.9286697924091913,61,16
134,19,0.8543541666666679,1.087657826989313,61,16
134,104,1.0386666666666695,1.2372209337417863,61,16
134,486,0.7004791666666665,0.842730132598146,61,16
134,580,0.6911666666666638,0.8130282214590623,61,16
134,775,0.4809791666666652,0.6893338118550869,61,16
134,76,0.43561250000000024,0.5672766959096966,61,16
134,118,0.5474374999999994,0.6244028425001132,61,16
134,201,0.4703124999999999,0.5677529722511366,61,16
134,810,0.4527395833333337,0.5760545122136163,61,16
134,126,0.48006249999999984,0.6164282816264101,61,16
134,596,0.3092291666666671,0.41022523454263016,61,16
134,122,0.9950020833333338,1.1659660320893193,61,16
134,554,0.5819374999999986,0.7841731446774569,61,16
134,240,0.8754166666666663,1.0005635217771585,61,16
134,834,0.5770833333333327,0.7194693067347158,61,16
134,166,1.1228124999999967,1.261767067229303,61,16
134,114,0.2923541666666668,0.3789069165228964,61,16
134,740,0.4890416666666651,0.6168927851201794,61,16
134,783,0.4394583333333333,0.6256544462489747,61,16
134,578,0.3947083333333349,0.547563758337279,61,16
134,494,0.45896250000000044,0.6669073546769615,61,16
134,370,0.5571458333333358,0.676922904070736,61,16
134,600,1.0903958333333326,1.3870255219753922,61,16
134,500,0.479999999999997,0.5430956023881343,61,16
134,38,0.3538750000000001,0.4193721828850565,61,16
134,599,0.2748958333333337,0.3424550761292154,61,16
134,769,0.27491666666666664,0.3582752472300841,61,16
134,41,0.6182708333333333,0.6737354770646679,61,16
134,763,0.3642750000000003,0.43415093317621467,61,16
134,422,0.24912500000000018,0.30293980883630617,61,16
134,190,0.5988125,0.7168146961461593,61,16
134,127,0.7188541666666688,0.8484041268758676,61,16
134,453,0.22245833333333326,0.2803184696812618,61,16
134,635,0.24348749999999997,0.34201639113579874,61,16
134,11,0.1784583333333333,0.25744457332275095,61,16
134,6,0.8157916666666668,0.9172331204346159,61,16
134,214,0.19449999999999978,0.2289633643669269,61,16
134,21,0.2894166666666661,0.4129388070081723,61,16
134,631,0.15062291666666655,0.1904431577123325,61,16
134,638,0.2207333333333334,0.24498492243854977,61,16
134,26,0.3141083333333332,0.42642244328704004,61,16
145,300,3.3264687499999956,3.996355703577181,61,16
145,4,2.223875000000005,2.3852770424930667,61,16
145,691,1.3907500000000002,1.8425693715268614,61,16
145,117,1.1173124999999973,1.4934302865662428,61,16
145,70,1.6300208333333344,2.1612195036727657,61,16
145,215,0.88939583333334,1.144442176710272,61,16
145,481,1.1646458333333347,1.589180560592997,61,16
145,119,0.5235416666666663,0.7038413745692669,61,16
145,580,1.3330416666666687,1.7896555068876634,61,16
145,292,0.7091479166666668,0.9491353728013606,61,16
145,596,0.9204374999999989,1.0635960914902476,61,16
145,486,0.6260624999999993,0.8728335759976744,61,16
145,775,0.7386458333333339,0.9655751200709363,61,16
145,802,0.9998125000000007,1.3598447036538979,61,16
145,71,0.886416666666672,1.049229710840824,61,16
145,804,0.4445354166666658,0.563668976007982,61,16
145,76,0.6876874999999997,0.8304295282496222,61,16
145,834,1.0492916666666703,1.2742890773987618,61,16
145,41,0.702208333333334,0.85622068481853,61,16
145,122,1.2321083333333345,1.9420829334906267,61,16
145,118,0.2954166666666664,0.3963999453414013,61,16
145,144,0.6667291666666663,0.9014199460665736,61,16
145,296,0.6229208333333328,0.7363676185997194,61,16
145,567,0.24122916666666688,0.30627029411217105,61,16
145,631,0.4928729166666667,0.596779451339996,61,16
145,783,0.6547083333333341,0.8834290514177652,61,16
145,422,0.22618749999999946,0.3458318574265691,61,16
145,291,0.38487500000000024,0.4957978525120452,61,16
145,363,0.4348541666666672,0.5079066857099731,61,16
145,578,0.41012500000000013,0.5360062966048069,61,16
145,11,0.2924791666666665,0.4091398412795093,61,16
145,644,0.3359375000000002,0.4580556810524728,61,16
145,345,0.22972916666666637,0.29816180101302886,61,16
145,129,0.5697708333333334,0.7202367135956834,61,16
145,201,0.3061999999999998,0.39263623396500474,61,16
145,638,0.3525999999999999,0.4589770292000826,61,16
145,207,0.38243750000000026,0.48069496131469247,61,16
145,769,0.3638750000000001,0.4378987072118139,61,16
145,223,0.29337500000000016,0.3885312800220283,61,16
145,684,0.40458541666666714,0.48404085736353225,61,16
145,26,0.4853749999999997,0.593287322654228,61,16
145,58,0.5680625000000001,0.68410594706197,61,16
145,415,0.7641833333333332,0.8979693023242308,61,16
145,194,0.6023749999999995,0.832281285917739,61,16
145,686,0.35131250000000047,0.4635379868767799,61,16
145,774,0.4902500000000005,0.5825422731441904,61,16
145,635,0.3902854166666666,0.5716672394919378,61,16
145,6,0.35079166666666556,0.5000353320849781,61,16
145,554,0.44355833333333333,0.5773632360904952,61,16
145,411,0.5678958333333328,0.6702282830415981,61,16
18,300,5.10327083333334,5.5873937232000825,61,16
18,117,1.7888333333333262,2.069074105192404,61,16
18,691,1.2544999999999986,1.4752351366251175,61,16
18,70,1.685854166666668,1.9495530417252058,61,16
18,413,0.622291666666666,0.7800937888769804,61,16
18,215,1.1706041666666676,1.4948160212882413,61,16
18,104,0.8776250000000008,1.013957031195658,61,16
18,481,1.116125,1.3259430920417865,61,16
18,486,0.6946666666666665,0.8637777250736057,61,16
18,19,1.1085208333333352,1.2594367706108447,61,16
18,292,0.50428541666667,0.5880265083428576,61,16
18,4,0.9908958333333328,1.307441853922724,61,16
18,118,0.40867708333333336,0.5182703081324129,61,16
18,580,0.5397291666666688,0.6434837960922855,61,16
18,775,0.7774374999999987,0.8899160892091627,61,16
18,122,1.3059145833333397,1.9883155463195805,61,16
18,207,0.7051666666666674,0.8577054661517947,61,16
18,783,0.7823333333333362,1.0777176049926611,61,16
18,500,0.28629583333333336,0.41250990341647137,61,16
18,666,0.4239791666666676,0.6194980775236976,61,16
18,578,0.6023958333333335,0.7610711065115189,61,16
18,554,0.7567291666666667,0.9599025304975264,61,16
18,596,0.5554166666666661,0.6982422673319695,61,16
18,71,1.0370624999999998,1.2159027224887502,61,16
18,549,0.3429583333333347,0.42746354620404126,61,16
18,600,1.3014583333333323,1.525880337888772,61,16
18,351,0.46103333333333407,0.7150179282911567,61,16
18,769,0.8163333333333274,0.968418577716606,61,16
18,41,1.0346041666666665,1.1784816016453827,61,16
18,834,1.375937499999997,1.5817556811095115,61,16
18,296,0.4445541666666663,0.6416521048131233,61,16
18,599,0.4619374999999996,0.5405557646739342,61,16
18,129,1.3624583333333313,1.4757951764312591,61,16
18,567,0.31633333333333435,0.37891836191982137,61,16
18,6,0.6686666666666657,0.7493305530790646,61,16
18,363,0.37585416666666727,0.4522839493430364,61,16
18,740,0.34760416666666716,0.4434334551730024,61,16
18,23,0.5290000000000002,0.7539525018195782,61,16
18,422,0.2616458333333334,0.327163790529046,61,16
18,127,0.6111875000000008,0.7109774521741189,61,16
18,140,0.42438125000000015,0.5069591671454203,61,16
18,635,0.3582312500000005,0.4317286204736855,61,16
18,190,0.41012499999999996,0.5548563499030882,61,16
18,99,0.294454166666667,0.3831744616432012,61,16
18,77,0.3923874999999999,0.561695244327384,61,16
18,223,0.30239583333333286,0.3529160173154197,61,16
18,26,0.34323333333333383,0.4213890733171798,61,16
18,11,0.2822638888888897,0.34605071927196246,61,16
18,21,0.2928958333333338,0.4110037932374295,61,16
18,638,0.23042916666666693,0.27472071980265556,61,16
147,691,2.1565833333333364,2.7309026234724856,61,16
147,117,1.9793124999999998,2.340111145567901,61,16
147,300,3.471531250000001,4.027990377614224,61,16
147,70,1.8256249999999992,2.2736192818695207,61,16
147,4,1.6285625000000035,2.0177298419951577,61,16
147,215,0.9168750000000019,1.078669872780569,61,16
147,119,0.7754166666666661,0.9319546364734949,61,16
147,104,0.9661250000000003,1.1336899071419653,61,16
147,580,1.2866666666666746,1.4964507685780388,61,16
147,486,0.42085416666666836,0.670938371693789,61,16
147,775,0.7643958333333343,0.9026708325543961,61,16
147,118,0.3163125000000009,0.37283285836655894,61,16
147,834,0.6774375,0.8184901368780607,61,16
147,122,1.1773666666666642,1.6372195775154883,61,16
147,596,0.4087083333333348,0.5015434095536176,61,16
147,223,0.33233333333333426,0.4059439616498815,61,16
147,810,0.6649166666666666,0.7406105120476996,61,16
147,489,0.4726666666666665,0.6044733474503053,61,16
147,769,0.4318125000000004,0.5457517305413602,61,16
147,201,0.40158333333333346,0.5456138999125462,61,16
147,6,0.4354999999999993,0.5338994781583668,61,16
147,296,0.34324999999999817,0.440672938684562,61,16
147,567,0.41556249999999983,0.5202019840087754,61,16
147,207,0.5877291666666684,0.7695527606271657,61,16
147,290,0.23769583333333325,0.2775285590909716,61,16
147,740,0.37308333333333354,0.4599658954748713,61,16
147,554,0.5472708333333334,0.7261231229772416,61,16
147,682,0.3514999999999997,0.4691417252103389,61,16
147,363,0.3773958333333333,0.4814979159410303,61,16
147,500,0.3898541666666666,0.46903459508749346,61,16
147,41,0.4431250000000007,0.5178698758697344,61,16
147,578,0.34406250000000016,0.4467212886378063,61,16
147,631,0.35173125000000005,0.4531322393291438,61,16
147,150,0.2547916666666669,0.37071646098392336,61,16
147,387,0.5083958333333336,0.640721831435279,61,16
147,129,1.0656041666666662,1.1304282589404382,61,16
147,21,0.29747916666666624,0.3848670495552109,61,16
147,422,0.1926250000000002,0.22840096322038575,61,16
147,127,0.3698958333333338,0.45364861126206535,61,16
147,478,0.3083541666666665,0.3896721823818349,61,16
147,774,0.4760041666666667,0.6106764630309572,61,16
147,783,0.3758125000000005,0.4674303795456847,61,16
147,638,0.28619605654761926,0.35177495078925325,61,16
147,23,0.5354729166666663,0.6860168099556061,61,16
147,715,0.3882562499999997,0.5180464714648889,61,16
147,99,0.21338541666666666,0.2566454032047159,61,16
147,291,0.21089583333333342,0.2529730151397357,61,16
147,219,0.32086458333333345,0.43162810196137347,61,16
147,26,0.30205625000000014,0.38798673973260156,61,16
147,140,0.23531249999999862,0.2886042441167861,61,16
151,300,2.4507062499999996,3.141429925419227,61,16
151,117,1.7314791666666653,2.075988427566224,61,16
151,691,1.4603750000000015,1.7747496771845515,61,16
151,70,1.2893750000000006,1.5254349152145301,61,16
151,796,1.3070833333333332,1.5172685069631613,61,16
151,215,1.3853749999999965,1.7784286681724861,61,16
151,481,1.3058958333333355,1.5100122079160696,61,16
151,4,0.6660000000000008,1.0521683034994418,61,16
151,104,1.0736458333333392,1.3787648986804608,61,16
151,580,0.4016249999999972,0.46080664479680183,61,16
151,549,0.7499166666666668,0.8564763893742523,61,16
151,19,0.9008333333333332,1.0203173321733454,61,16
151,486,0.4698749999999997,0.5700194928440797,61,16
151,596,0.4143749999999998,0.525567061478467,61,16
151,118,0.7073125000000007,0.8252347435393432,61,16
151,810,0.4108124999999997,0.5130077362964424,61,16
151,166,1.1512083333333318,1.3388379341387384,61,16
151,775,0.7032916666666653,0.8277988634525485,61,16
151,600,1.371333333333334,1.8512085279321975,61,16
151,122,2.1458541666666675,2.341502940598909,61,16
151,292,0.4272645833333301,0.5579085089645047,61,16
151,666,0.3856041666666667,0.479687173814583,61,16
151,201,0.45173749999999857,0.5183149858757036,61,16
151,71,0.3678125000000002,0.44646501200479805,61,16
151,240,1.1329166666666677,1.265375312132949,61,16
151,500,0.3513750000000002,0.42926440634596735,61,16
151,207,0.8362291666666664,0.9662293083884843,61,16
151,554,0.4582500000000005,0.6527343023347602,61,16
151,578,0.5607708333333343,0.708314288959672,61,16
151,769,0.5423333333333334,0.6654777523620823,61,16
151,468,0.5531249999999985,0.6641493305976688,61,16
151,783,0.6983333333333331,0.8704807898831275,61,16
151,223,0.2989791666666677,0.3396895130524028,61,16
151,214,0.34026041666666695,0.4627410951931504,61,16
151,763,0.30133333333333356,0.34256053803995334,61,16
151,77,0.36610416666666706,0.5332473433282786,61,16
151,635,0.2326208333333335,0.32873676694955306,61,16
151,190,0.6472499999999997,0.7711166416308237,61,16
151,834,0.5120416666666646,0.6299776781759794,61,16
151,219,0.21320416666666692,0.2721487425206218,61,16
151,638,0.3477916666666663,0.4440143891562276,61,16
151,99,0.5476916666666668,0.6796105575989827,61,16
151,422,0.31900000000000006,0.38896042000868547,61,16
151,21,0.3153125000000002,0.39361200403725266,61,16
151,110,0.19452083333333348,0.28014645227491697,61,16
151,631,0.25708125000000015,0.3343846700574722,61,16
151,567,0.28900000000000003,0.3679186013539165,61,16
151,108,0.5148104166666663,0.5461815228500295,61,16
151,127,0.6512916666666662,0.7932432546899534,61,16
151,90,0.8295770833333327,0.9689464468560678,61,16
154,691,1.8158750000000061,2.1678105345921987,61,16
154,300,3.875616666666664,4.69673843205757,61,16
154,70,1.5708125000000022,2.1828634592993805,61,16
154,4,2.3961249999999983,2.7971493772926896,61,16
154,215,1.2134166666666673,1.453355838893026,61,16
154,104,1.7771250000000007,2.0225720732934764,61,16
154,486,0.8102083333333331,1.0529026545697366,61,16
154,292,1.2645645833333314,1.3393147594167922,61,16
154,775,0.8458749999999993,0.9713266772249636,61,16
154,118,0.43272916666666594,0.5562463919982858,61,16
154,19,0.5781874999999997,0.7161329747330457,61,16
154,802,0.8999166666666646,1.2240971729764278,61,16
154,580,1.0078541666666698,1.1501226776353548,61,16
154,426,0.3113125000000001,0.4388767148452215,61,16
154,122,0.40574999999999917,0.5092273934053847,61,16
154,41,0.6999583333333335,0.888493309547749,61,16
154,783,0.749124999999998,1.0674779076558596,61,16
154,363,0.46689583333333323,0.5624984506151498,61,16
154,567,0.5999791666666657,0.6751405563535137,61,16
154,834,1.4574166666666657,1.712835324023363,61,16
154,207,0.5882916666666664,0.6983119925140115,61,16
154,310,0.4414166666666663,0.6126922157576338,61,16
154,686,0.26850000000000024,0.36385631321534984,61,16
154,422,0.4532708333333336,0.5598915259524239,61,16
154,631,0.405977083333334,0.508134262864868,61,16
154,296,0.5745541666666659,0.6678935674941023,61,16
154,596,0.41360416666666666,0.5169139663533101,61,16
154,638,0.6072708333333328,0.6696316825522648,61,16
154,600,0.7028958333333353,0.903679680682144,61,16
154,6,0.48583333333333345,0.6974941357778175,61,16
154,129,0.7384166666666672,0.8628391925626833,61,16
154,58,0.32734583333333295,0.41736861139498466,61,16
154,290,0.4941041666666674,0.5749373335416661,61,16
154,489,0.5289374999999998,0.7327854819113157,61,16
154,26,0.45035416666666683,0.584995576787646,61,16
154,500,0.3285208333333337,0.38860924568688987,61,16
154,644,0.4003958333333335,0.47447882958275633,61,16
154,578,0.39618750000000097,0.5219734654281883,61,16
154,774,0.458339583333334,0.566250811196378,61,16
154,291,0.6738708333333332,0.731006645071636,61,16
154,554,0.40970416666666604,0.5296784661471515,61,16
154,635,0.42277708333333497,0.5053037037130375,61,16
154,21,0.4665000000000009,0.5970645088914419,61,16
154,77,0.5460624999999999,0.6483191033142722,61,16
154,127,0.29074999999999995,0.34442673789614225,61,16
154,345,0.459395833333334,0.5211039707518395,61,16
154,11,0.46641666666666715,0.5367168066639576,61,16
154,707,0.3199999999999991,0.36578921525927927,61,16
154,453,0.3467291666666669,0.42054576808660893,61,16
154,634,0.2548166666666666,0.31001369234994186,61,16
29,300,2.599681249999996,2.9707881604910624,61,16
29,117,1.412770833333334,1.7655190199264985,61,16
29,691,1.0076458333333385,1.2011786081225055,61,16
29,863,1.350943750000002,1.5867605887161391,61,16
29,215,0.9037083333333366,1.0518127077679889,61,16
29,4,0.6149166666666677,0.6605676115617883,61,16
29,104,1.3968749999999994,1.5029267234669523,61,16
29,486,0.6857500000000005,0.870840749569697,61,16
29,796,1.142374999999999,1.3003863101230932,61,16
29,30,0.5540208333333329,0.6650221644175972,61,16
29,580,0.6301666666666672,0.7372844035151339,61,16
29,118,0.4460625000000006,0.6318376142913094,61,16
29,19,0.8260750000000001,1.0512834967579179,61,16
29,596,0.3758333333333336,0.4436791727513629,61,16
29,775,0.6410312500000006,0.7284144226884559,61,16
29,292,0.3600583333333332,0.484228054628074,61,16
29,76,0.6753541666666667,0.9565611185967733,61,16
29,834,1.2665625000000003,1.4032666230185118,61,16
29,802,0.9312479166666681,1.0473849004319198,61,16
29,122,0.5662124999999998,0.6810600725054369,61,16
29,201,0.4222916666666668,0.5370298848502032,61,16
29,810,0.446666666666667,0.5283632746510684,61,16
29,240,0.7495416666666658,0.9397521540869743,61,16
29,116,0.3146458333333334,0.3719847200416226,61,16
29,207,0.5023125000000006,0.6421309197161872,61,16
29,500,0.33760208333333375,0.39344942804705646,61,16
29,190,0.5811458333333333,0.7241046530793123,61,16
29,769,0.343645833333333,0.4363022572967303,61,16
29,426,0.2604375000000002,0.3130442261087084,61,16
29,783,0.5699791666666667,0.6882240379330621,61,16
29,578,0.3589791666666676,0.41497756800150687,61,16
29,41,0.3709791666666661,0.463136761359128,61,16
29,554,0.3865416666666678,0.49605485247769515,61,16
29,567,0.2158750000000002,0.2602369913495519,61,16
29,296,0.30559999999999987,0.39111410312933853,61,16
29,422,0.2811250000000003,0.31435206731024107,61,16
29,631,0.3086999999999998,0.35104567287526034,61,16
29,127,0.3903125,0.4740957108596909,61,16
29,600,0.9511041666666672,1.148485334037837,61,16
29,635,0.25612499999999994,0.35425306789230565,61,16
29,699,0.3426666666666668,0.45423725751099625,61,16
29,23,0.5646916666666664,0.758706628634107,61,16
29,253,0.33177083333333335,0.4172541275343414,61,16
29,774,0.43932916666666644,0.5562624594110223,61,16
29,638,0.1980229166666665,0.25391597869395904,61,16
29,6,0.4044791666666673,0.46184872312864084,61,16
29,11,0.3375208333333338,0.39824534418705637,61,16
29,228,0.1648645833333331,0.2081315788082677,61,16
29,740,0.3777083333333331,0.49115279643349663,61,16
29,219,0.2223958333333335,0.26706891536746763,61,16
46,300,3.6609500000000015,4.436725254512362,61,16
46,4,2.7243958333333307,3.1239568959094157,61,16
46,117,1.4982499999999979,1.7574809229247523,61,16
46,70,2.035375000000002,2.65823960388575,61,16
46,691,1.8253750000000006,2.373760600584838,61,16
46,215,1.055333333333336,1.2690825426267642,61,16
46,119,0.8631041666666665,1.0579673547000934,61,16
46,666,1.0667708333333348,1.3661225873292309,61,16
46,104,1.4517291666666612,1.6448427715303175,61,16
46,486,0.5925416666666667,0.8194152640755483,61,16
46,292,0.672947916666667,0.868255173825645,61,16
46,775,0.7802708333333358,0.9782444273913492,61,16
46,834,0.8851458333333332,1.2335257310517143,61,16
46,802,0.8687045454545457,1.2375810809994434,61,16
46,296,0.5430000000000001,0.6583473943646069,61,16
46,118,0.34445833333333287,0.4296309624420576,61,16
46,122,1.6196874999999977,2.444379617669435,61,16
46,19,0.6909791666666667,0.9810499017492544,61,16
46,804,0.3258958333333339,0.3907583350216464,61,16
46,76,0.7535833333333322,0.8390625969894411,61,16
46,290,0.41444999999999976,0.5216951910465643,61,16
46,223,0.38120833333333376,0.4609355974537004,61,16
46,310,0.4405729166666663,0.7124290248762406,61,16
46,41,0.9865520833333332,1.1615732573934652,61,16
46,740,0.3907708333333333,0.5792883984779181,61,16
46,567,0.2740208333333328,0.3715288141210879,61,16
46,769,0.34119374999999974,0.46435919219393035,61,16
46,489,0.5136249999999999,0.6869648927630064,61,16
46,783,0.4670833333333332,0.6207835774245322,61,16
46,631,0.5222916666666662,0.6403831307636595,61,16
46,682,0.5039791666666679,0.6758016484557859,61,16
46,363,0.4041583333333333,0.5031689354867698,61,16
46,291,0.3207083333333332,0.3695890736119416,61,16
46,351,0.349729166666667,0.48695616874394154,61,16
46,600,1.567333333333334,2.139381196228896,61,16
46,644,0.24968749999999956,0.30213250174569256,61,16
46,729,0.41012499999999996,0.48912621922499044,61,16
46,201,0.20273124999999997,0.27487120102473045,61,16
46,6,0.738791666666665,0.8474430659342237,61,16
46,345,0.28866458333333356,0.35988660878192696,61,16
46,638,0.33856666666666657,0.4002563982068938,61,16
46,194,0.6588958333333326,0.8307983484777354,61,16
46,439,0.4555208333333349,0.5177369760688244,61,16
46,578,0.2736875000000006,0.3309431282964901,61,16
46,774,0.7826583333333337,0.90256238627095,61,16
46,500,0.22241666666666648,0.2686386203309816,61,16
46,21,0.3154583333333335,0.39888271041330786,61,16
46,688,0.24114583333333323,0.28243786189768044,61,16
46,843,0.36207916666666695,0.3976373840154705,61,16
46,23,0.3003270833333332,0.4349681023586032,61,16
181,300,0.9576874999999936,1.2048086718783686,61,16
181,117,0.9016458333333341,1.1153789745841756,61,16
181,691,1.185000000000003,1.4408161942300493,61,16
181,70,1.0199583333333333,1.1988572104763402,61,16
181,215,1.19641666666667,1.599587511933418,61,16
181,104,0.5266458333333335,0.6538131263340211,61,16
181,4,1.1717083333333318,1.2779725262218167,61,16
181,796,1.0690416666666664,1.131730674429408,61,16
181,481,1.2076874999999991,1.3590979826299818,61,16
181,486,0.5872500000000005,0.7131606488801184,61,16
181,76,0.7008333333333303,0.8737928975322314,61,16
181,118,0.3400000000000001,0.4395290408810069,61,16
181,580,0.4418125000000005,0.5779223744010402,61,16
181,775,0.3929458333333334,0.4325574993891309,61,16
181,19,0.5838125,0.7697835419057031,61,16
181,166,1.3262083333333372,1.5025473000504508,61,16
181,122,0.8903937499999988,1.1647728372650836,61,16
181,596,0.3968749999999998,0.4590818887252634,61,16
181,114,0.4493333333333337,0.6178529710933572,61,16
181,41,0.515929166666667,0.6721554704001815,61,16
181,292,0.38936041666666604,0.5008122105224002,61,16
181,240,0.5778958333333323,0.6499179061406296,61,16
181,810,0.46270833333333306,0.5800428264840064,61,16
181,600,1.107625,1.3589246361247072,61,16
181,578,0.45022916666666607,0.6050407871926206,61,16
181,769,0.4522083333333332,0.5304522179759034,61,16
181,207,0.7485,0.8763410120748912,61,16
181,500,0.5102500000000011,0.5801881519530265,61,16
181,802,0.8628541666666663,1.1156573703676025,61,16
181,129,1.0771666666666664,1.2499632827940717,61,16
181,740,0.3524374999999997,0.40566943131076544,61,16
181,783,0.512166666666667,0.6122185634595249,61,16
181,834,0.6759375000000011,0.8249566023939291,61,16
181,422,0.26112499999999994,0.30987947926035153,61,16
181,554,0.3892500000000003,0.4874814668841843,61,16
181,214,0.23391875,0.26627542249520525,61,16
181,190,0.43004166666666693,0.5270437732189703,61,16
181,6,0.3233958333333333,0.4764362132308771,61,16
181,127,0.40908333333333396,0.4920122373139385,61,16
181,638,0.23710783730158758,0.2901689993165496,61,16
181,635,0.2326333333333333,0.29432464030197814,61,16
181,77,0.30762500000000026,0.4137231360866029,61,16
181,21,0.33431250000000007,0.40276570767355274,61,16
181,11,0.34450000000000086,0.40589224418420433,61,16
181,672,0.45815833333333245,0.629744623835725,61,16
181,296,0.17668958333333334,0.22109269062368908,61,16
181,843,0.2879062500000001,0.33353052969122826,61,16
181,26,0.2040624999999994,0.2574463671222497,61,16
181,140,0.2692583333333324,0.32299306408101697,61,16
181,856,0.39693750000000005,0.45546417867441075,61,16
182,117,2.4408749999999944,2.855054584514196,61,16
182,70,2.643354166666668,3.4319980686264326,61,16
182,4,1.46477083333333,1.6361378579685049,61,16
182,185,0.7836666666666637,0.9770703161890522,61,16
182,215,0.8269791666666657,1.0278605781211527,61,16
182,119,1.0626666666666664,1.3031989487411348,61,16
182,143,0.5024583333333328,0.6472014970453777,61,16
182,486,0.569166666666667,0.7282637934002893,61,16
182,481,0.920333333333333,1.1969971804478057,61,16
182,292,0.306029166666669,0.3669573328967122,61,16
182,71,0.6206458333333339,0.750695348956184,61,16
182,118,0.6120208333333339,0.7829441276007153,61,16
182,122,1.4756458333333335,2.173845125642068,61,16
182,596,0.4483541666666672,0.5185401851458685,61,16
182,76,0.412666666666666,0.6334306833076176,61,16
182,116,0.571375,0.7015696686716153,61,16
182,834,1.126812499999998,1.5276316569011792,61,16
182,19,1.2877291666666677,1.6421291417107122,61,16
182,810,0.4691291666666656,0.594787187432053,61,16
182,397,0.39029166666666615,0.5328887469882113,61,16
182,426,0.2504583333333342,0.356903465006063,61,16
182,802,0.7513124999999992,0.9372677304863908,61,16
182,41,0.5450562499999991,0.6920803708044148,61,16
182,740,0.552875,0.755666501249797,61,16
182,396,0.5297708333333327,0.6046511218600906,61,16
182,769,0.40731249999999924,0.5155238907601116,61,16
182,190,0.5718749999999992,0.8629514518982708,61,16
182,296,0.49609999999999965,0.6158301700414919,61,16
182,600,1.3368750000000007,1.6377047412291532,61,16
182,467,1.0142083333333332,1.2896275948246974,61,16
182,387,0.5108958333333333,0.6993986057479818,61,16
182,207,0.5377083333333339,0.6690744851409797,61,16
182,310,0.3555312499999994,0.457589963604608,61,16
182,644,0.4152916666666664,0.537440164628171,61,16
182,783,0.5376875000000002,0.6748827933220863,61,16
182,422,0.30733333333333335,0.3679397973098916,61,16
182,631,0.3252083333333333,0.39014849523397266,61,16
182,6,0.5403749999999999,0.6270884551285854,61,16
182,686,0.35404166666666653,0.4065217467191092,61,16
182,26,0.41436666666666633,0.5194784756529061,61,16
182,638,0.2712708333333334,0.3634394772326076,61,16
182,578,0.5367916666666659,0.6631749287413616,61,16
182,500,0.30846874999999974,0.3999754528058216,61,16
182,554,0.6598541666666669,0.8389215919858074,61,16
182,127,0.3277291666666666,0.3619060747548241,61,16
182,291,0.39204166666666596,0.4661057939042496,61,16
182,84,0.4621249999999991,0.5385040364029049,61,16
182,11,0.43077083333333377,0.5690351421973477,61,16
182,515,0.30962500000000004,0.37527878526059355,61,16
182,478,0.27235416666666645,0.39316916595220847,61,16
183,4,2.4870416666666695,3.1139381884788064,61,16
183,300,2.555229166666668,2.9919238387606817,61,16
183,691,1.5933333333333328,1.84970311056186,61,16
183,70,1.322854166666668,1.7991961650353139,61,16
183,117,0.8014583333333327,1.1234830760728978,61,16
183,580,0.7962291666666673,1.0553095484527553,61,16
183,119,0.6464583333333345,0.9625483754077006,61,16
183,481,1.0473958333333377,1.4418947772327648,61,16
183,215,1.0426250000000006,1.3162018905421273,61,16
183,292,0.9501833333333343,1.1297554480333842,61,16
183,104,1.04575,1.45612766534318,61,16
183,596,0.4781458333333352,0.5809934559298711,61,16
183,834,1.1054583333333257,1.345121870769416,61,16
183,486,0.4895833333333329,0.6452364015528643,61,16
183,314,0.455064583333333,0.5638136036428857,61,16
183,802,0.8884375000000003,1.131125867959295,61,16
183,426,0.3211250000000002,0.3823747616322676,61,16
183,775,0.4642291666666672,0.5967900531175105,61,16
183,122,0.9607770833333341,1.3934792718876574,61,16
183,296,0.5249166666666661,0.6109859063659138,61,16
183,144,0.580245833333336,0.8173728305777441,61,16
183,600,1.806979166666669,2.3388017008359956,61,16
183,682,0.42979166666666635,0.5142884917804179,61,16
183,118,0.18731250000000016,0.2535299538516111,61,16
183,19,0.4752708333333333,0.6083016258860039,61,16
183,631,0.27453124999999945,0.3535435550921865,61,16
183,76,0.5980000000000001,0.69299498956021,61,16
183,116,0.2249333333333327,0.29300256445597406,61,16
183,41,0.40662916666666643,0.45719140821979565,61,16
183,290,0.2754291666666669,0.3565738845441276,61,16
183,629,0.40920833333333334,0.5079593296274372,61,16
183,769,0.36335416666666687,0.4188627045677116,61,16
183,638,0.3106854166666668,0.3939908440666278,61,16
183,379,0.40095833333333303,0.4988471570642763,61,16
183,363,0.49095833333333355,0.5951572271257405,61,16
183,567,0.37247916666666814,0.4449139820110064,61,16
183,194,0.6584437500000004,0.8775528414368503,61,16
183,783,0.47325000000000045,0.6450524957104053,61,16
183,74,0.33923125000000054,0.423344283733045,61,16
183,422,0.3292708333333333,0.42741370961477926,61,16
183,644,0.3731458333333346,0.416349954632186,61,16
183,370,0.31489583333333343,0.4322772467474499,61,16
183,193,0.2615625000000001,0.30918675810727875,61,16
183,291,0.17944999999999928,0.23272214864989116,61,16
183,129,0.6610416666666664,0.7117186456427534,61,16
183,635,0.2853958333333334,0.33107836224139514,61,16
183,190,0.35133333333333344,0.44576236195234487,61,16
183,578,0.2925416666666667,0.37063710163866626,61,16
183,670,0.2771666666666667,0.31446851105388024,61,16
183,345,0.2012666666666666,0.23848207450689254,61,16
187,117,1.4316666666666669,1.9366872990868835,61,16
187,4,1.9143333333333352,2.257759927204154,61,16
187,300,2.1551291666666623,2.6342220415459745,61,16
187,691,2.5812916666666714,2.861710859200609,61,16
187,70,1.9157083333333302,2.465977195307729,61,16
187,119,0.7958541666666663,1.0365494139210147,61,16
187,215,1.0083125000000028,1.3488801347990735,61,16
187,486,0.7130833333333352,0.8611635620226618,61,16
187,292,0.7889375000000032,0.9792399068353442,61,16
187,775,0.7961958333333334,0.9535720920424543,61,16
187,596,0.3554375000000001,0.4079503050481626,61,16
187,118,0.3664375000000006,0.4586004146070719,61,16
187,144,0.48812500000000103,0.5651095763949984,61,16
187,19,0.5533749999999991,0.6830063851987199,61,16
187,802,0.8872416666666654,1.1020752444567667,61,16
187,122,0.9505395833333309,1.619402077049666,61,16
187,296,0.5690395833333339,0.6629073510240083,61,16
187,290,0.2710375000000004,0.3137703906609986,61,16
187,310,0.4687499999999987,0.6295837249061202,61,16
187,567,0.5699166666666649,0.670960091543783,61,16
187,834,1.2237916666666662,1.5122526932802374,61,16
187,769,0.49464583333333256,0.5801720350704408,61,16
187,631,0.3038,0.39627487881940426,61,16
187,682,0.23743749999999977,0.2782098902906858,61,16
187,740,0.38610416666666675,0.4837323855535556,61,16
187,783,0.5089375000000003,0.6290097762444644,61,16
187,291,0.2446458333333334,0.3311906445773423,61,16
187,644,0.3579791666666674,0.47858745427444105,61,16
187,6,0.4279583333333332,0.5573188669374511,61,16
187,638,0.28389583333333385,0.36226431993780567,61,16
187,422,0.2168333333333335,0.28772423622474214,61,16
187,478,0.3365999999999991,0.40733531880312535,61,16
187,500,0.29884166666666484,0.3525810828731442,61,16
187,774,0.35013333333333335,0.4743468729035046,61,16
187,515,0.2568749999999999,0.3060844110154364,61,16
187,345,0.22666249999999932,0.29180862116957523,61,16
187,26,0.31220833333333253,0.35040244719465,61,16
187,194,0.4717500000000003,0.5828107063570858,61,16
187,419,0.6816249999999986,0.84003448978466,61,16
187,115,0.31936666666666647,0.40354454714167276,61,16
187,21,0.42160416666666667,0.5418682381354342,61,16
187,578,0.23872916666666663,0.295888856291983,61,16
187,93,0.19900000000000004,0.2282909632221321,61,16
187,11,0.17954166666666657,0.22342389333084103,61,16
187,127,0.3057083333333344,0.3569172600975699,61,16
187,554,0.37233333333333307,0.48180909082332574,61,16
187,715,0.40433333333333354,0.4921915700889917,61,16
187,496,0.22650833333333273,0.32202173839664866,61,16
187,23,0.3272791666666672,0.5279884138301613,61,16
187,58,0.3091666666666663,0.3760176307184421,61,16
188,300,1.2446458333333343,1.686614536167379,61,16
188,117,1.8119583333333282,2.3466098063660485,61,16
188,691,1.664187500000006,1.8420871974625908,61,16
188,70,0.9620833333333335,1.2323047287276154,61,16
188,215,0.9296875000000002,1.1860723435636924,61,16
188,119,0.7575833333333324,1.0688713218988422,61,16
188,104,0.6301874999999999,0.8183303250114421,61,16
188,486,0.5521666666666666,0.6791168693400427,61,16
188,580,0.5382083333333343,0.6459747372081299,61,16
188,118,0.40405416666666655,0.49231203152968867,61,16
188,775,0.8337500000000004,0.9826818675328137,61,16
188,292,1.067964583333333,1.242083889214904,61,16
188,314,0.48047083333333196,0.5734701932097236,61,16
188,122,1.152970833333332,1.719943111220057,61,16
188,834,0.6848124999999998,1.0407739541375496,61,16
188,19,0.46962499999999957,0.6287481278964834,61,16
188,810,0.47291666666666643,0.5772320807093105,61,16
188,76,0.7727916666666664,0.8592628866262831,61,16
188,596,0.3059375000000004,0.3731973059477613,61,16
188,240,0.6430416666666675,0.8768898955335795,61,16
188,783,0.4583333333333337,0.6471685766990443,61,16
188,190,0.5325833333333331,0.7463095127953872,61,16
188,769,0.403541666666667,0.5634244255739481,61,16
188,290,0.2259895833333328,0.29455772177679046,61,16
188,740,0.46716666666666695,0.5615547613545805,61,16
188,363,0.41027083333333336,0.49633187122014316,61,16
188,567,0.30974999999999986,0.36756609382984884,61,16
188,500,0.2418124999999998,0.28967295975135676,61,16
188,201,0.2913395833333336,0.3818553013650011,61,16
188,578,0.47158333333333424,0.5868594735255348,61,16
188,631,0.3694083333333331,0.5383212181299275,61,16
188,90,0.6587625000000004,0.855130316498278,61,16
188,554,0.6483979166666666,0.7683808141059425,61,16
188,6,0.5262708333333336,0.6229037233883832,61,16
188,682,0.33472916666666636,0.4679823195259502,61,16
188,296,0.25620416666666657,0.3183424095564745,61,16
188,422,0.26058333333333283,0.3243815483175461,61,16
188,638,0.3293729166666665,0.39634808661565246,61,16
188,127,0.23535416666666736,0.3114213495321809,61,16
188,515,0.2537708333333335,0.314588896198056,61,16
188,644,0.3731041666666671,0.40660417040272634,61,16
188,129,0.7879166666666666,0.8983073202789045,61,16
188,23,0.6109125000000004,0.7295107548137236,61,16
188,41,0.5450083333333335,0.644476876039785,61,16
188,715,0.40458333333333385,0.5259988117857302,61,16
188,26,0.3141250000000001,0.40236010336237077,61,16
188,774,0.3879374999999996,0.5271981923601193,61,16
188,635,0.3014583333333318,0.3788240393345917,61,16
188,291,0.25007500000000116,0.33643492601756564,61,16
188,212,0.23081250000000017,0.32538535914273176,61,16
60,300,1.7084645833333354,2.185250175847533,61,16
60,4,1.5079375000000013,1.7382508789169526,61,16
60,691,0.9568958333333313,1.1233443712365692,61,16
60,117,0.5575208333333338,0.8113235371566916,61,16
60,70,0.8418333333333342,1.0909093938341334,61,16
60,215,0.8605208333333323,1.0315852384396864,61,16
60,580,0.7020624999999998,0.9602452052297196,61,16
60,481,1.04185416666667,1.2234867552522932,61,16
60,119,0.640354166666667,0.7948478147489068,61,16
60,104,0.9253958333333343,1.0615211209758286,61,16
60,666,0.4531249999999997,0.5185290627234781,61,16
60,292,1.11495833333334,1.2160814003273945,61,16
60,486,0.5661041666666666,0.7120331560241961,61,16
60,596,0.34127083333333347,0.42336252359991516,61,16
60,76,0.8803541666666673,0.98868864818787,61,16
60,775,0.5202083333333343,0.6240667699319793,61,16
60,600,1.511208333333332,1.902917697613032,61,16
60,166,1.3521458333333305,1.4907117497468534,61,16
60,122,0.633018749999999,0.8966418102580183,61,16
60,126,0.34147916666666633,0.4371601457767572,61,16
60,118,0.27683333333333304,0.34523518553782023,61,16
60,740,0.4928958333333332,0.586504730254677,61,16
60,769,0.39172916666666635,0.43557065857460003,61,16
60,638,0.3422083333333333,0.4732836388232505,61,16
60,226,0.18074791666666556,0.23642064662964038,61,16
60,834,0.5784791666666679,0.6789486920150087,61,16
60,201,0.28502083333333394,0.35880853181049144,61,16
60,207,0.36633333333333273,0.4198580613334304,61,16
60,379,0.3328124999999993,0.387269330985842,61,16
60,294,0.2506249999999999,0.3325512491832397,61,16
60,190,0.3347062500000003,0.45143314712086086,61,16
60,554,0.3279104166666666,0.4207737952108124,61,16
60,489,0.3193541666666665,0.3864442697351211,61,16
60,631,0.3021375000000006,0.3762056843595598,61,16
60,223,0.33291666666666647,0.38786762131772057,61,16
60,682,0.22947916666666654,0.28511784844165733,61,16
60,387,0.4089791666666668,0.5260104759729918,61,16
60,363,0.2927291666666667,0.36882946413093304,61,16
60,567,0.19895833333333315,0.2375649911076966,61,16
60,783,0.40806250000000116,0.5603484716872384,61,16
60,500,0.1952666666666671,0.23534561258096848,61,16
60,127,0.3598333333333336,0.4662619524830798,61,16
60,422,0.1607083333333331,0.20992750071287847,61,16
60,478,0.26352083333333287,0.34211297070152397,61,16
60,6,0.3812083333333333,0.4577239737124448,61,16
60,634,0.2214958333333333,0.2782545701930758,61,16
60,578,0.42805833333333476,0.4997276941828766,61,16
60,635,0.35064583333333166,0.39261986032576196,61,16
60,41,0.5858416666666684,0.6411841241882968,61,16
60,774,0.1725416666666665,0.21676062065482893,61,16
194,300,2.887070833333336,3.3994856887149596,61,16
194,70,2.534020833333333,3.0450669772327386,61,16
194,117,2.3008958333333323,2.849551571690222,61,16
194,4,1.1498958333333342,1.2564936026940658,61,16
194,215,0.9573541666666676,1.1276125990831762,61,16
194,104,0.8605833333333333,0.9535071155709561,61,16
194,666,0.7199583333333325,1.0393132615124039,61,16
194,119,0.661375,0.8526973215756122,61,16
194,580,0.7790000000000007,1.0303921313968032,61,16
194,486,0.4840208333333337,0.588127484054266,61,16
194,19,1.0355208333333328,1.299923851936464,61,16
194,834,1.1190625000000003,1.3268289656797032,61,16
194,810,0.6354583333333333,0.8873340924740049,61,16
194,596,0.35485416666666736,0.44264612308002704,61,16
194,118,0.35693749999999935,0.42912910029759294,61,16
194,71,0.5563958333333333,0.6567803254006114,61,16
194,129,0.7132437499999997,0.8212761309473742,61,16
194,802,0.6624166666666668,0.8157011128811553,61,16
194,166,1.321645833333335,1.4618547128182382,61,16
194,122,1.3168312499999988,1.6670699877621271,61,16
194,76,0.47852083333333295,0.5937634735313372,61,16
194,207,0.39218749999999947,0.4904988744465502,61,16
194,116,0.5013124999999998,0.5873218228629948,61,16
194,41,0.49483333333333296,0.6236094419675753,61,16
194,554,0.5545833333333342,0.7446139380018797,61,16
194,769,0.34187499999999904,0.45762329850361966,61,16
194,500,0.22731249999999953,0.3125955964892087,61,16
194,783,0.5808541666666661,0.7773692414162005,61,16
194,600,1.3161666666666672,1.5733935899478204,61,16
194,740,0.509625,0.6852568760042549,61,16
194,190,0.5448958333333336,0.6477895480872717,61,16
194,363,0.27868750000000003,0.3284539647263287,61,16
194,426,0.24691666666666623,0.2883501921853586,61,16
194,201,0.36630416666666626,0.4320149550523553,61,16
194,144,0.6569916666666628,0.8448874113848904,61,16
194,127,0.5474375000000005,0.613095566458535,61,16
194,6,0.4998958333333354,0.610953438624147,61,16
194,631,0.2747770833333336,0.3285672663879756,61,16
194,774,0.314479166666667,0.3897897670539854,61,16
194,345,0.17597083333333338,0.22621352192121494,61,16
194,310,0.3609750000000002,0.47658259952149634,61,16
194,90,0.8523958333333332,1.0934795411640974,61,16
194,387,0.4237083333333335,0.5380006066704551,61,16
194,396,0.29591666666666644,0.36535192318883153,61,16
194,644,0.3308541666666666,0.42972399895488467,61,16
194,414,0.27029375,0.32009594536031094,61,16
194,77,0.28470833333333345,0.3487968606510099,61,16
194,23,0.5122229166666667,0.6075504629818369,61,16
194,21,0.2889166666666673,0.32123429490361516,61,16
194,411,0.48289583333333286,0.6036866426383803,61,16
196,4,2.7833750000000066,2.998173849288198,61,16
196,300,1.9788791666666676,2.236528935712163,61,16
196,691,1.0886041666666573,1.3803015194957213,61,16
196,70,1.4417083333333325,1.638109203896031,61,16
196,117,0.8735791666666662,1.218702958408378,61,16
196,215,0.8723125000000027,1.2958601470966438,61,16
196,119,0.5680416666666662,0.6908190690123651,61,16
196,292,0.4376812500000014,0.5557343495697092,61,16
196,481,1.1984166666666645,1.6212081400404235,61,16
196,104,0.6603124999999994,0.7716251563709176,61,16
196,314,0.7483104166666668,0.8602380074804238,61,16
196,834,0.9334166666666663,1.0564447387871783,61,16
196,599,0.6224791666666643,0.7342729633605052,61,16
196,596,0.5613958333333333,0.6681428604306451,61,16
196,486,0.4650208333333362,0.5713446189569956,61,16
196,775,0.8152291666666687,1.0076379179105532,61,16
196,694,1.404291666666667,1.668461637590482,61,16
196,802,1.1431875000000014,1.4205965760709298,61,16
196,118,0.23208333333333286,0.26742776802551904,61,16
196,76,0.7453749999999998,0.8472470123877685,61,16
196,144,0.7728083333333338,0.900134921754018,61,16
196,166,0.756841666666664,0.9011833791064798,61,16
196,426,0.29893749999999986,0.3924159234083716,61,16
196,310,0.5110833333333342,0.5994724764324056,61,16
196,629,0.41983333333333406,0.4957942981833408,61,16
196,682,0.45066666666666666,0.5605316053137018,61,16
196,122,1.2497937500000018,1.7148806673133286,61,16
196,567,0.47989583333333585,0.543922718417896,61,16
196,296,0.2664625000000019,0.3536901103602804,61,16
196,631,0.3402645833333329,0.4243037294105089,61,16
196,740,0.6459166666666669,0.8889298341264068,61,16
196,387,0.47014583333333293,0.6554152892547505,61,16
196,684,0.46116249999999853,0.5725454978281909,61,16
196,290,0.29279166666666673,0.40173554475135315,61,16
196,363,0.35564583333333316,0.4648179527155405,61,16
196,116,0.31191666666666645,0.37446350511988,61,16
196,291,0.47431458333333376,0.5367542535281449,61,16
196,223,0.22945833333333354,0.3329780815275652,61,16
196,194,0.7795416666666669,1.0818140693093048,61,16
196,41,0.7054375000000004,0.7973120250427548,61,16
196,638,0.5284541666666669,0.5599867292574393,61,16
196,783,0.5798750000000004,0.9274101409001552,61,16
196,774,0.3316874999999997,0.44332076266639137,61,16
196,769,0.2991041666666666,0.3809175052860305,61,16
196,193,0.17302083333333354,0.22939063298225632,61,16
196,345,0.24084166666666695,0.31563283565631195,61,16
196,26,0.3703249999999999,0.4393062316185475,61,16
196,58,0.24045208333333262,0.2996943135883991,61,16
196,422,0.29033333333333344,0.36232187194384086,61,16
196,699,0.2604999999999996,0.3257050898520863,61,16
74,117,1.3060624999999915,1.6185763570530387,61,16
74,70,1.8046458333333337,2.3298591978796566,61,16
74,691,1.85429166666666,2.0647639695616467,61,16
74,300,3.0407124999999993,3.4997095408246213,61,16
74,119,1.282062500000003,1.6328693112126293,61,16
74,4,1.5622499999999957,1.7375100439357931,61,16
74,666,1.317041666666667,1.6726067977860193,61,16
74,215,1.4591666666666687,1.7067958447206166,61,16
74,104,1.0036250000000007,1.307113624662283,61,16
74,486,0.5873541666666664,0.7725208779990628,61,16
74,599,0.6613750000000003,0.759137842482437,61,16
74,292,0.6824041666666668,0.8231182561522439,61,16
74,118,0.291708333333334,0.3408878522003652,61,16
74,775,0.745541666666667,0.9137451322259762,61,16
74,802,1.0405104166666665,1.347177440908089,61,16
74,290,0.5238958333333334,0.5760662005022612,61,16
74,834,1.6014374999999983,1.9563399446841185,61,16
74,596,0.5640000000000001,0.6967980737312323,61,16
74,296,0.5736041666666669,0.6984917729969664,61,16
74,122,1.1557770833333327,1.6148834523434736,61,16
74,740,0.46499999999999975,0.6567407741601277,61,16
74,291,0.5130729166666668,0.6092871383952636,61,16
74,769,0.42483333333333245,0.5029956096561202,61,16
74,810,0.7897500000000004,0.9906733891090895,61,16
74,644,0.3357499999999985,0.4072212066077974,61,16
74,363,0.32592499999999996,0.44689612079070223,61,16
74,6,0.4753124999999998,0.636125451682117,61,16
74,426,0.22312499999999924,0.3033217488630403,61,16
74,682,0.5099374999999999,0.5791787109059401,61,16
74,783,0.3745625,0.4595333759490287,61,16
74,41,0.6539166666666663,0.8186074881060719,61,16
74,26,0.42462499999999975,0.518013655439914,61,16
74,500,0.27720833333333383,0.324683521123092,61,16
74,631,0.3087104166666671,0.3687258006183822,61,16
74,774,0.5734375000000007,0.6728469313711378,61,16
74,129,0.7389999999999999,0.8509566430396631,61,16
74,686,0.2583333333333332,0.29772682762708635,61,16
74,21,0.4463541666666665,0.5768393226598428,61,16
74,422,0.26856250000000015,0.3174995734905273,61,16
74,638,0.3112312500000005,0.3900726110290241,61,16
74,554,0.48071458333333333,0.6327539834261547,61,16
74,194,0.5553916666666667,0.7545179182026687,61,16
74,345,0.20247083333333343,0.22996258814086365,61,16
74,600,0.8171458333333332,1.0184121184744197,61,16
74,578,0.2698958333333331,0.3400511501557114,61,16
74,23,0.4833083333333335,0.6865527399422587,61,16
74,127,0.21125000000000027,0.26647537409674454,61,16
74,719,0.2530625000000002,0.29464303968248334,61,16
74,715,0.516104166666666,0.6478890347805621,61,16
74,151,0.22412499999999982,0.2700097220471886,61,16
118,117,2.6285833333333337,2.96934703353373,61,16
118,70,2.0009374999999965,2.5598308063120956,61,16
118,215,0.8273541666666666,1.019184126996798,61,16
118,4,1.2375416666666708,1.423215998286202,61,16
118,486,0.3378958333333329,0.48220121001967975,61,16
118,118,0.48833333333333395,0.6359086783668101,61,16
118,76,0.5723194444444445,0.7735675753558795,61,16
118,292,0.396687500000001,0.45878194075907913,61,16
118,122,0.725383333333336,1.0971180033767283,61,16
118,193,0.5829999999999994,0.7342225196310266,61,16
118,580,0.9734999999999999,1.1266134664461376,61,16
118,240,1.5011041666666645,1.602332373361474,61,16
118,116,0.3792708333333321,0.5225758916176664,61,16
118,19,0.7865000000000015,0.9767240881868571,61,16
118,834,1.0166875000000004,1.2550382989950732,61,16
118,6,0.6318333333333338,0.7864065247836018,61,16
118,201,0.38458333333333306,0.5190017394533045,61,16
118,190,0.7146208333333338,0.9671266576537146,61,16
118,596,0.34064583333333365,0.43146941278225864,61,16
118,600,1.7269375000000027,2.210479034621232,61,16
118,41,0.5477583333333338,0.6874005681632156,61,16
118,426,0.26056250000000014,0.36383084248651143,61,16
118,500,0.38266875000000006,0.457920503699423,61,16
118,802,0.8186041666666669,1.0594759547111543,61,16
118,296,0.5118541666666658,0.6006991239380985,61,16
118,290,0.39436022727272685,0.4668950563761655,61,16
118,214,0.3088125000000003,0.40842838179484553,61,16
118,99,0.43684166666666646,0.5642750014152871,61,16
118,554,0.43200000000000066,0.5765059747208954,61,16
118,144,0.3707291666666658,0.4679594535201616,61,16
118,638,0.24605833333333438,0.2739462680486421,61,16
118,150,0.4231041666666663,0.5354452780941603,61,16
118,84,0.3621458333333336,0.4373060601887173,61,16
118,422,0.2428333333333328,0.327982320831135,61,16
118,783,0.5437312500000001,0.6779252079466026,61,16
118,478,0.37837499999999985,0.4346978835927313,61,16
118,631,0.2221500000000002,0.2903475802570278,61,16
118,21,0.3588749999999992,0.4308374274466973,61,16
118,843,0.30636249999999987,0.3793888852483687,61,16
118,387,0.41274999999999945,0.5431790936493942,61,16
118,635,0.41404166666666714,0.5256148912358646,61,16
118,220,0.24406250000000082,0.2804414550707913,61,16
118,136,0.4534791666666662,0.5271189974759013,61,16
118,253,0.2852500000000001,0.40216452548124637,61,16
118,419,0.3372979166666664,0.4266676465646295,61,16
118,26,0.2740291666666664,0.322292549557075,61,16
118,108,0.4322916666666662,0.4968531579406086,61,16
118,77,0.33762499999999995,0.4309279554377714,61,16
118,806,0.3017083333333335,0.3707667355929094,61,16
118,829,0.2749583333333336,0.321774247985551,61,16
