store_id,product_id,current_inventory,final_inventory,demand_7d,safety_stock,target_inventory,surplus
1,4,6.31,43.55,19.2,24.35,43.55,-0.0
1,6,9.5,14.28,10.01,4.27,14.28,0.0
1,11,0.0,0.0,0.0,0.0,0.0,0.0
1,19,16.09,20.72,14.93,5.79,20.72,-0.0
1,21,0.0,0.0,0.0,0.0,0.0,0.0
1,23,9.9,13.2,9.4,3.79,13.2,0.0
1,26,5.99,9.46,6.93,2.53,9.46,-0.0
1,30,0.0,0.0,0.0,0.0,0.0,0.0
1,38,5.09,14.72,5.5,9.21,14.72,0.0
1,41,0.0,0.0,0.0,0.0,0.0,0.0
1,58,7.68,9.37,6.73,2.64,9.37,-0.0
1,70,41.53,60.01,46.02,13.99,60.01,0.0
1,71,0.0,0.0,0.0,0.0,0.0,0.0
1,74,0.0,0.0,0.0,0.0,0.0,0.0
1,76,10.27,15.75,9.8,5.95,15.75,0.0
1,77,0.0,0.0,0.0,0.0,0.0,0.0
1,84,0.0,0.0,0.0,0.0,0.0,0.0
1,90,9.8,22.83,13.85,8.98,22.83,-0.0
1,93,0.0,0.0,0.0,0.0,0.0,0.0
1,99,0.0,0.0,0.0,0.0,0.0,0.0
1,104,25.38,45.88,35.18,10.7,45.88,-0.0
1,108,0.0,0.0,0.0,0.0,0.0,0.0
1,110,0.0,0.0,0.0,0.0,0.0,0.0
1,114,10.24,30.19,22.27,7.92,30.19,0.0
1,115,0.0,0.0,0.0,0.0,0.0,0.0
1,116,0.0,0.0,0.0,0.0,0.0,0.0
1,117,40.55,71.78,55.34,16.44,71.78,0.0
1,118,16.99,20.2,12.8,7.41,20.2,-0.0
1,119,0.0,0.0,0.0,0.0,0.0,0.0
1,122,15.2,27.94,19.22,8.72,27.94,-0.0
1,126,0.0,0.0,0.0,0.0,0.0,0.0
1,127,8.41,10.93,7.87,3.06,10.93,-0.0
1,129,0.0,0.0,0.0,0.0,0.0,0.0
1,136,0.0,0.0,0.0,0.0,0.0,0.0
1,140,0.0,0.0,0.0,0.0,0.0,0.0
1,143,0.0,0.0,0.0,0.0,0.0,0.0
1,144,0.0,0.0,0.0,0.0,0.0,0.0
1,150,0.0,0.0,0.0,0.0,0.0,0.0
1,151,0.0,0.0,0.0,0.0,0.0,0.0
1,166,18.83,38.94,31.4,7.54,38.94,-0.0
1,185,0.0,0.0,0.0,0.0,0.0,0.0
1,190,11.43,14.74,10.6,4.14,14.74,-0.0
1,193,0.0,0.0,0.0,0.0,0.0,0.0
1,194,0.0,0.0,0.0,0.0,0.0,0.0
1,201,9.89,13.96,10.22,3.74,13.96,-0.0
1,207,8.82,14.12,10.16,3.96,14.12,-0.0
1,212,0.0,0.0,0.0,0.0,0.0,0.0
1,214,0.0,0.0,0.0,0.0,0.0,0.0
1,215,38.91,53.97,40.73,13.24,53.97,0.0
1,219,0.0,0.0,0.0,0.0,0.0,0.0
1,220,0.0,0.0,0.0,0.0,0.0,0.0
1,223,0.0,0.0,0.0,0.0,0.0,0.0
1,226,0.0,0.0,0.0,0.0,0.0,0.0
1,228,0.0,0.0,0.0,0.0,0.0,0.0
1,240,0.0,0.0,0.0,0.0,0.0,0.0
1,250,0.0,0.0,0.0,0.0,0.0,0.0
1,253,0.0,0.0,0.0,0.0,0.0,0.0
1,290,9.79,17.91,13.91,4.01,17.91,-0.0
1,291,4.47,10.85,7.85,3.0,10.85,-0.0
1,292,19.26,23.43,17.04,6.39,23.43,0.0
1,294,0.0,0.0,0.0,0.0,0.0,0.0
1,296,7.99,16.08,12.18,3.9,16.08,0.0
1,300,77.07,79.54,59.51,20.03,79.54,-0.0
1,310,0.0,0.0,0.0,0.0,0.0,0.0
1,314,0.0,0.0,0.0,0.0,0.0,0.0
1,345,8.55,10.92,8.13,2.79,10.92,0.0
1,351,0.0,0.0,0.0,0.0,0.0,0.0
1,363,0.0,0.0,0.0,0.0,0.0,0.0
1,370,4.4,12.81,9.77,3.04,12.81,0.0
1,379,0.0,0.0,0.0,0.0,0.0,0.0
1,381,7.33,16.07,10.98,5.09,16.07,0.0
1,387,0.0,0.0,0.0,0.0,0.0,0.0
1,396,0.0,0.0,0.0,0.0,0.0,0.0
1,397,0.0,0.0,0.0,0.0,0.0,0.0
1,411,0.0,0.0,0.0,0.0,0.0,0.0
1,413,0.0,0.0,0.0,0.0,0.0,0.0
1,414,0.0,0.0,0.0,0.0,0.0,0.0
1,415,6.85,9.53,7.19,2.35,9.53,-0.0
1,419,0.0,0.0,0.0,0.0,0.0,0.0
1,422,9.13,12.44,6.95,5.48,12.44,0.0
1,426,0.0,0.0,0.0,0.0,0.0,0.0
1,439,6.94,13.34,6.36,6.98,13.34,-0.0
1,453,0.0,0.0,0.0,0.0,0.0,0.0
1,467,0.0,0.0,0.0,0.0,0.0,0.0
1,468,0.0,0.0,0.0,0.0,0.0,0.0
1,478,0.0,0.0,0.0,0.0,0.0,0.0
1,481,0.0,0.0,0.0,0.0,0.0,0.0
1,486,21.94,29.33,21.65,7.68,29.33,-0.0
1,489,12.33,11.02,7.82,3.2,11.02,-0.0
1,494,0.0,0.0,0.0,0.0,0.0,0.0
1,496,0.0,0.0,0.0,0.0,0.0,0.0
1,500,10.5,12.54,7.23,5.31,12.54,0.0
1,515,0.0,0.0,0.0,0.0,0.0,0.0
1,549,0.0,0.0,0.0,0.0,0.0,0.0
1,554,5.6,12.79,9.23,3.57,12.79,0.0
1,567,0.0,0.0,0.0,0.0,0.0,0.0
1,578,5.93,11.74,9.4,2.34,11.74,0.0
1,580,0.0,0.0,0.0,0.0,0.0,0.0
1,596,16.11,18.91,12.06,6.85,18.91,-0.0
1,599,0.0,0.0,0.0,0.0,0.0,0.0
1,600,0.0,0.0,0.0,0.0,0.0,0.0
1,629,0.0,0.0,0.0,0.0,0.0,0.0
1,631,6.29,10.09,7.37,2.71,10.09,0.0
1,634,0.0,0.0,0.0,0.0,0.0,0.0
1,635,0.0,0.0,0.0,0.0,0.0,0.0
1,638,6.74,8.68,6.06,2.62,8.68,0.0
1,644,10.88,16.36,11.79,4.57,16.36,0.0
1,662,0.0,0.0,0.0,0.0,0.0,0.0
1,666,0.0,0.0,0.0,0.0,0.0,0.0
1,670,0.0,0.0,0.0,0.0,0.0,0.0
1,672,0.0,0.0,0.0,0.0,0.0,0.0
1,682,0.0,0.0,0.0,0.0,0.0,0.0
1,684,0.0,0.0,0.0,0.0,0.0,0.0
1,686,0.0,0.0,0.0,0.0,0.0,0.0
1,688,0.0,0.0,0.0,0.0,0.0,0.0
1,691,50.64,58.11,43.52,14.59,58.11,0.0
1,694,0.0,0.0,0.0,0.0,0.0,0.0
1,699,0.0,0.0,0.0,0.0,0.0,0.0
1,707,0.0,0.0,0.0,0.0,0.0,0.0
1,715,0.0,0.0,0.0,0.0,0.0,0.0
1,719,0.0,0.0,0.0,0.0,0.0,0.0
1,729,0.0,0.0,0.0,0.0,0.0,0.0
1,740,10.99,11.74,8.52,3.22,11.74,0.0
1,763,0.0,0.0,0.0,0.0,0.0,0.0
1,764,0.0,0.0,0.0,0.0,0.0,0.0
1,769,10.03,21.81,17.88,3.93,21.81,0.0
1,774,0.0,0.0,0.0,0.0,0.0,0.0
1,775,22.32,30.35,24.07,6.28,30.35,0.0
1,783,9.88,15.65,10.95,4.7,15.65,0.0
1,796,15.39,25.8,19.58,6.22,25.8,0.0
1,802,0.0,0.0,0.0,0.0,0.0,0.0
1,804,0.0,0.0,0.0,0.0,0.0,0.0
1,806,0.0,0.0,0.0,0.0,0.0,0.0
1,810,7.51,17.95,13.24,4.71,17.95,0.0
1,829,0.0,0.0,0.0,0.0,0.0,0.0
1,834,16.95,32.14,24.09,8.05,32.14,0.0
1,843,8.78,9.02,6.87,2.16,9.02,0.0
1,856,0.0,0.0,0.0,0.0,0.0,0.0
1,863,0.0,0.0,0.0,0.0,0.0,0.0
18,4,23.96,25.87,11.11,14.76,25.87,0.0
18,6,9.29,21.34,16.02,5.32,21.34,-0.0
18,11,4.34,12.19,9.52,2.67,12.19,-0.0
18,19,25.32,28.04,21.5,6.54,28.04,0.0
18,21,8.8,12.74,9.85,2.89,12.74,0.0
18,23,7.84,19.22,14.78,4.43,19.22,0.0
18,26,6.63,9.51,6.71,2.81,9.51,0.0
18,30,0.0,0.0,0.0,0.0,0.0,0.0
18,38,0.0,0.0,0.0,0.0,0.0,0.0
18,41,11.25,10.41,4.09,6.31,10.41,-0.0
18,58,0.0,0.0,0.0,0.0,0.0,0.0
18,70,5.19,52.16,39.09,13.07,52.16,0.0
18,71,17.61,24.13,19.2,4.93,24.13,0.0
18,74,0.0,0.0,0.0,0.0,0.0,0.0
18,76,0.0,0.0,0.0,0.0,0.0,0.0
18,77,7.63,14.3,10.79,3.51,14.3,-0.0
18,84,0.0,0.0,0.0,0.0,0.0,0.0
18,90,0.0,0.0,0.0,0.0,0.0,0.0
18,93,0.0,0.0,0.0,0.0,0.0,0.0
18,99,10.08,15.68,12.01,3.67,15.68,-0.0
18,104,15.04,49.47,38.5,10.97,49.47,-0.0
18,108,0.0,0.0,0.0,0.0,0.0,0.0
18,110,0.0,0.0,0.0,0.0,0.0,0.0
18,114,0.0,0.0,0.0,0.0,0.0,0.0
18,115,0.0,0.0,0.0,0.0,0.0,0.0
18,116,0.0,0.0,0.0,0.0,0.0,0.0
18,117,77.51,64.08,52.34,11.74,64.08,0.0
18,118,22.31,19.32,12.98,6.34,19.32,0.0
18,119,0.0,0.0,0.0,0.0,0.0,0.0
18,122,14.27,29.96,20.79,9.17,29.96,-0.0
18,126,0.0,0.0,0.0,0.0,0.0,0.0
18,127,8.1,16.16,11.68,4.48,16.16,0.0
18,129,9.17,20.32,9.99,10.32,20.32,0.0
18,136,0.0,0.0,0.0,0.0,0.0,0.0
18,140,10.02,15.76,12.8,2.96,15.76,-0.0
18,143,0.0,0.0,0.0,0.0,0.0,0.0
18,144,0.0,0.0,0.0,0.0,0.0,0.0
18,150,0.0,0.0,0.0,0.0,0.0,0.0
18,151,0.0,0.0,0.0,0.0,0.0,0.0
18,166,0.0,0.0,0.0,0.0,0.0,0.0
18,185,0.0,0.0,0.0,0.0,0.0,0.0
18,190,8.18,10.41,7.65,2.77,10.41,-0.0
18,193,0.0,0.0,0.0,0.0,0.0,0.0
18,194,0.0,0.0,0.0,0.0,0.0,0.0
18,201,0.0,0.0,0.0,0.0,0.0,0.0
18,207,18.6,22.6,17.49,5.11,22.6,-0.0
18,212,0.0,0.0,0.0,0.0,0.0,0.0
18,214,0.0,0.0,0.0,0.0,0.0,0.0
18,215,27.68,47.18,36.59,10.6,47.18,-0.0
18,219,0.0,0.0,0.0,0.0,0.0,0.0
18,220,0.0,0.0,0.0,0.0,0.0,0.0
18,223,3.36,11.9,9.55,2.35,11.9,-0.0
18,226,0.0,0.0,0.0,0.0,0.0,0.0
18,228,0.0,0.0,0.0,0.0,0.0,0.0
18,240,0.0,0.0,0.0,0.0,0.0,0.0
18,250,0.0,0.0,0.0,0.0,0.0,0.0
18,253,0.0,0.0,0.0,0.0,0.0,0.0
18,290,0.0,0.0,0.0,0.0,0.0,0.0
18,291,0.0,0.0,0.0,0.0,0.0,0.0
18,292,12.39,19.83,14.25,5.58,19.83,-0.0
18,294,0.0,0.0,0.0,0.0,0.0,0.0
18,296,17.51,19.28,15.04,4.24,19.28,-0.0
18,300,70.84,95.33,70.06,25.27,95.33,-0.0
18,310,0.0,0.0,0.0,0.0,0.0,0.0
18,314,0.0,0.0,0.0,0.0,0.0,0.0
18,345,0.0,0.0,0.0,0.0,0.0,0.0
18,351,12.16,20.7,15.92,4.78,20.7,0.0
18,363,13.08,12.59,8.69,3.9,12.59,0.0
18,370,0.0,0.0,0.0,0.0,0.0,0.0
18,379,0.0,0.0,0.0,0.0,0.0,0.0
18,381,0.0,0.0,0.0,0.0,0.0,0.0
18,387,0.0,0.0,0.0,0.0,0.0,0.0
18,396,0.0,0.0,0.0,0.0,0.0,0.0
18,397,0.0,0.0,0.0,0.0,0.0,0.0
18,411,0.0,0.0,0.0,0.0,0.0,0.0
18,413,35.4,41.46,35.52,5.94,41.46,-0.0
18,414,0.0,0.0,0.0,0.0,0.0,0.0
18,415,0.0,0.0,0.0,0.0,0.0,0.0
18,419,0.0,0.0,0.0,0.0,0.0,0.0
18,422,13.85,13.98,8.61,5.37,13.98,-0.0
18,426,0.0,0.0,0.0,0.0,0.0,0.0
18,439,0.0,0.0,0.0,0.0,0.0,0.0
18,453,0.0,0.0,0.0,0.0,0.0,0.0
18,467,0.0,0.0,0.0,0.0,0.0,0.0
18,468,0.0,0.0,0.0,0.0,0.0,0.0
18,478,0.0,0.0,0.0,0.0,0.0,0.0
18,481,27.16,27.1,21.68,5.42,27.1,0.0
18,486,26.91,26.54,19.12,7.41,26.54,-0.0
18,489,0.0,0.0,0.0,0.0,0.0,0.0
18,494,0.0,0.0,0.0,0.0,0.0,0.0
18,496,0.0,0.0,0.0,0.0,0.0,0.0
18,500,14.24,19.89,11.24,8.65,19.89,0.0
18,515,0.0,0.0,0.0,0.0,0.0,0.0
18,549,12.98,13.64,9.81,3.83,13.64,-0.0
18,554,9.12,22.86,17.54,5.33,22.86,-0.0
18,567,14.74,13.81,10.32,3.49,13.81,-0.0
18,578,9.6,21.44,16.84,4.6,21.44,0.0
18,580,6.28,28.23,22.15,6.08,28.23,0.0
18,596,10.73,16.05,10.68,5.38,16.05,0.0
18,599,6.65,14.73,10.5,4.23,14.73,-0.0
18,600,17.82,21.01,14.9,6.11,21.01,0.0
18,629,0.0,0.0,0.0,0.0,0.0,0.0
18,631,0.0,0.0,0.0,0.0,0.0,0.0
18,634,0.0,0.0,0.0,0.0,0.0,0.0
18,635,14.98,12.55,8.14,4.41,12.55,0.0
18,638,4.07,9.93,6.58,3.34,9.93,0.0
18,644,0.0,0.0,0.0,0.0,0.0,0.0
18,662,0.0,0.0,0.0,0.0,0.0,0.0
18,666,16.9,19.1,15.07,4.03,19.1,-0.0
18,670,0.0,0.0,0.0,0.0,0.0,0.0
18,672,0.0,0.0,0.0,0.0,0.0,0.0
18,682,0.0,0.0,0.0,0.0,0.0,0.0
18,684,0.0,0.0,0.0,0.0,0.0,0.0
18,686,0.0,0.0,0.0,0.0,0.0,0.0
18,688,0.0,0.0,0.0,0.0,0.0,0.0
18,691,28.43,51.68,40.48,11.21,51.68,-0.0
18,694,0.0,0.0,0.0,0.0,0.0,0.0
18,699,0.0,0.0,0.0,0.0,0.0,0.0
18,707,0.0,0.0,0.0,0.0,0.0,0.0
18,715,0.0,0.0,0.0,0.0,0.0,0.0
18,719,0.0,0.0,0.0,0.0,0.0,0.0
18,729,0.0,0.0,0.0,0.0,0.0,0.0
18,740,13.44,13.38,10.47,2.91,13.38,-0.0
18,763,0.0,0.0,0.0,0.0,0.0,0.0
18,764,0.0,0.0,0.0,0.0,0.0,0.0
18,769,6.06,20.81,17.37,3.44,20.81,0.0
18,774,0.0,0.0,0.0,0.0,0.0,0.0
18,775,21.47,21.5,17.24,4.26,21.5,0.0
18,783,10.61,23.2,17.27,5.92,23.2,-0.0
18,796,0.0,0.0,0.0,0.0,0.0,0.0
18,802,0.0,0.0,0.0,0.0,0.0,0.0
18,804,0.0,0.0,0.0,0.0,0.0,0.0
18,806,0.0,0.0,0.0,0.0,0.0,0.0
18,810,0.0,0.0,0.0,0.0,0.0,0.0
18,829,0.0,0.0,0.0,0.0,0.0,0.0
18,834,11.76,15.99,10.16,5.83,15.99,0.0
18,843,0.0,0.0,0.0,0.0,0.0,0.0
18,856,0.0,0.0,0.0,0.0,0.0,0.0
18,863,0.0,0.0,0.0,0.0,0.0,0.0
29,4,18.22,25.28,9.73,15.55,25.28,0.0
29,6,4.98,11.08,7.95,3.13,11.08,0.0
29,11,4.52,6.48,4.56,1.92,6.48,-0.0
29,19,14.89,20.26,14.57,5.69,20.26,0.0
29,21,0.0,0.0,0.0,0.0,0.0,0.0
29,23,3.45,10.17,6.92,3.26,10.17,-0.0
29,26,0.0,0.0,0.0,0.0,0.0,0.0
29,30,18.11,22.76,17.07,5.69,22.76,0.0
29,38,0.0,0.0,0.0,0.0,0.0,0.0
29,41,11.36,16.63,12.46,4.17,16.63,0.0
29,58,0.0,0.0,0.0,0.0,0.0,0.0
29,70,0.0,0.0,0.0,0.0,0.0,0.0
29,71,0.0,0.0,0.0,0.0,0.0,0.0
29,74,0.0,0.0,0.0,0.0,0.0,0.0
29,76,10.59,17.56,12.57,4.99,17.56,-0.0
29,77,0.0,0.0,0.0,0.0,0.0,0.0
29,84,0.0,0.0,0.0,0.0,0.0,0.0
29,90,0.0,0.0,0.0,0.0,0.0,0.0
29,93,0.0,0.0,0.0,0.0,0.0,0.0
29,99,0.0,0.0,0.0,0.0,0.0,0.0
29,104,17.17,30.82,22.59,8.23,30.82,0.0
29,108,0.0,0.0,0.0,0.0,0.0,0.0
29,110,0.0,0.0,0.0,0.0,0.0,0.0
29,114,0.0,0.0,0.0,0.0,0.0,0.0
29,115,0.0,0.0,0.0,0.0,0.0,0.0
29,116,7.93,10.99,8.02,2.97,10.99,0.0
29,117,20.17,43.59,31.76,11.82,43.59,0.0
29,118,7.14,17.72,11.5,6.22,17.72,-0.0
29,119,0.0,0.0,0.0,0.0,0.0,0.0
29,122,5.6,20.69,16.21,4.48,20.69,0.0
29,126,0.0,0.0,0.0,0.0,0.0,0.0
29,127,6.69,8.41,6.22,2.19,8.41,-0.0
29,129,0.0,0.0,0.0,0.0,0.0,0.0
29,136,0.0,0.0,0.0,0.0,0.0,0.0
29,140,0.0,0.0,0.0,0.0,0.0,0.0
29,143,0.0,0.0,0.0,0.0,0.0,0.0
29,144,0.0,0.0,0.0,0.0,0.0,0.0
29,150,0.0,0.0,0.0,0.0,0.0,0.0
29,151,0.0,0.0,0.0,0.0,0.0,0.0
29,166,0.0,0.0,0.0,0.0,0.0,0.0
29,185,0.0,0.0,0.0,0.0,0.0,0.0
29,190,11.58,9.77,6.42,3.35,9.77,-0.0
29,193,0.0,0.0,0.0,0.0,0.0,0.0
29,194,0.0,0.0,0.0,0.0,0.0,0.0
29,201,10.99,11.9,7.94,3.96,11.9,0.0
29,207,11.84,14.36,10.66,3.7,14.36,0.0
29,212,0.0,0.0,0.0,0.0,0.0,0.0
29,214,0.0,0.0,0.0,0.0,0.0,0.0
29,215,8.33,42.82,33.78,9.04,42.82,-0.0
29,219,5.15,8.08,4.98,3.1,8.08,0.0
29,220,0.0,0.0,0.0,0.0,0.0,0.0
29,223,0.0,0.0,0.0,0.0,0.0,0.0
29,226,0.0,0.0,0.0,0.0,0.0,0.0
29,228,5.46,5.9,4.48,1.42,5.9,-0.0
29,240,10.42,16.53,12.3,4.24,16.53,0.0
29,250,0.0,0.0,0.0,0.0,0.0,0.0
29,253,4.85,8.38,6.19,2.19,8.38,0.0
29,290,0.0,0.0,0.0,0.0,0.0,0.0
29,291,0.0,0.0,0.0,0.0,0.0,0.0
29,292,12.23,13.63,10.29,3.34,13.63,0.0
29,294,0.0,0.0,0.0,0.0,0.0,0.0
29,296,7.21,7.11,4.27,2.84,7.11,0.0
29,300,49.02,61.0,46.53,14.47,61.0,-0.0
29,310,0.0,0.0,0.0,0.0,0.0,0.0
29,314,0.0,0.0,0.0,0.0,0.0,0.0
29,345,0.0,0.0,0.0,0.0,0.0,0.0
29,351,0.0,0.0,0.0,0.0,0.0,0.0
29,363,0.0,0.0,0.0,0.0,0.0,0.0
29,370,0.0,0.0,0.0,0.0,0.0,0.0
29,379,0.0,0.0,0.0,0.0,0.0,0.0
29,381,0.0,0.0,0.0,0.0,0.0,0.0
29,387,0.0,0.0,0.0,0.0,0.0,0.0
29,396,0.0,0.0,0.0,0.0,0.0,0.0
29,397,0.0,0.0,0.0,0.0,0.0,0.0
29,411,0.0,0.0,0.0,0.0,0.0,0.0
29,413,0.0,0.0,0.0,0.0,0.0,0.0
29,414,0.0,0.0,0.0,0.0,0.0,0.0
29,415,0.0,0.0,0.0,0.0,0.0,0.0
29,419,0.0,0.0,0.0,0.0,0.0,0.0
29,422,6.76,11.44,6.74,4.7,11.44,-0.0
29,426,8.13,12.6,9.25,3.35,12.6,0.0
29,439,0.0,0.0,0.0,0.0,0.0,0.0
29,453,0.0,0.0,0.0,0.0,0.0,0.0
29,467,0.0,0.0,0.0,0.0,0.0,0.0
29,468,0.0,0.0,0.0,0.0,0.0,0.0
29,478,0.0,0.0,0.0,0.0,0.0,0.0
29,481,0.0,0.0,0.0,0.0,0.0,0.0
29,486,7.29,23.09,17.28,5.8,23.09,0.0
29,489,0.0,0.0,0.0,0.0,0.0,0.0
29,494,0.0,0.0,0.0,0.0,0.0,0.0
29,496,0.0,0.0,0.0,0.0,0.0,0.0
29,500,9.53,14.95,10.82,4.13,14.95,0.0
29,515,0.0,0.0,0.0,0.0,0.0,0.0
29,549,0.0,0.0,0.0,0.0,0.0,0.0
29,554,5.47,13.17,9.87,3.3,13.17,-0.0
29,567,10.38,9.48,7.08,2.4,9.48,0.0
29,578,6.22,10.8,8.32,2.48,10.8,-0.0
29,580,20.52,21.53,17.43,4.09,21.53,0.0
29,596,14.86,17.4,12.41,4.99,17.4,0.0
29,599,0.0,0.0,0.0,0.0,0.0,0.0
29,600,4.98,11.59,7.38,4.21,11.59,-0.0
29,629,0.0,0.0,0.0,0.0,0.0,0.0
29,631,4.08,6.89,4.66,2.24,6.89,-0.0
29,634,0.0,0.0,0.0,0.0,0.0,0.0
29,635,4.92,8.46,5.6,2.85,8.46,0.0
29,638,8.41,8.61,6.26,2.34,8.61,0.0
29,644,0.0,0.0,0.0,0.0,0.0,0.0
29,662,0.0,0.0,0.0,0.0,0.0,0.0
29,666,0.0,0.0,0.0,0.0,0.0,0.0
29,670,0.0,0.0,0.0,0.0,0.0,0.0
29,672,0.0,0.0,0.0,0.0,0.0,0.0
29,682,0.0,0.0,0.0,0.0,0.0,0.0
29,684,0.0,0.0,0.0,0.0,0.0,0.0
29,686,0.0,0.0,0.0,0.0,0.0,0.0
29,688,0.0,0.0,0.0,0.0,0.0,0.0
29,691,38.12,42.6,34.29,8.31,42.6,0.0
29,694,0.0,0.0,0.0,0.0,0.0,0.0
29,699,7.59,9.21,6.54,2.67,9.21,-0.0
29,707,0.0,0.0,0.0,0.0,0.0,0.0
29,715,0.0,0.0,0.0,0.0,0.0,0.0
29,719,0.0,0.0,0.0,0.0,0.0,0.0
29,729,0.0,0.0,0.0,0.0,0.0,0.0
29,740,7.28,9.27,6.9,2.37,9.27,0.0
29,763,0.0,0.0,0.0,0.0,0.0,0.0
29,764,0.0,0.0,0.0,0.0,0.0,0.0
29,769,8.48,12.2,9.35,2.85,12.2,0.0
29,774,5.44,10.33,7.51,2.82,10.33,-0.0
29,775,16.07,18.7,14.36,4.34,18.7,-0.0
29,783,12.03,13.1,9.31,3.79,13.1,0.0
29,796,13.84,24.21,17.85,6.36,24.21,-0.0
29,802,5.43,23.37,13.6,9.77,23.37,0.0
29,804,0.0,0.0,0.0,0.0,0.0,0.0
29,806,0.0,0.0,0.0,0.0,0.0,0.0
29,810,13.15,14.77,10.79,3.98,14.77,0.0
29,829,0.0,0.0,0.0,0.0,0.0,0.0
29,834,9.18,16.4,10.57,5.83,16.4,0.0
29,843,0.0,0.0,0.0,0.0,0.0,0.0
29,856,0.0,0.0,0.0,0.0,0.0,0.0
29,863,31.29,38.85,31.01,7.85,38.85,0.0
46,4,54.29,62.15,31.93,30.22,62.15,-0.0
46,6,6.44,15.32,11.12,4.21,15.32,0.0
46,11,0.0,0.0,0.0,0.0,0.0,0.0
46,19,11.14,25.69,20.33,5.36,25.69,-0.0
46,21,2.27,10.2,7.22,2.98,10.2,-0.0
46,23,8.07,14.81,11.5,3.3,14.81,0.0
46,26,0.0,0.0,0.0,0.0,0.0,0.0
46,30,0.0,0.0,0.0,0.0,0.0,0.0
46,38,0.0,0.0,0.0,0.0,0.0,0.0
46,41,13.55,21.39,13.96,7.43,21.39,-0.0
46,58,0.0,0.0,0.0,0.0,0.0,0.0
46,70,42.67,67.58,51.76,15.83,67.58,-0.0
46,71,0.0,0.0,0.0,0.0,0.0,0.0
46,74,0.0,0.0,0.0,0.0,0.0,0.0
46,76,15.59,10.03,6.05,3.98,10.03,0.0
46,77,0.0,0.0,0.0,0.0,0.0,0.0
46,84,0.0,0.0,0.0,0.0,0.0,0.0
46,90,0.0,0.0,0.0,0.0,0.0,0.0
46,93,0.0,0.0,0.0,0.0,0.0,0.0
46,99,0.0,0.0,0.0,0.0,0.0,0.0
46,104,27.77,41.13,30.88,10.25,41.13,0.0
46,108,0.0,0.0,0.0,0.0,0.0,0.0
46,110,0.0,0.0,0.0,0.0,0.0,0.0
46,114,0.0,0.0,0.0,0.0,0.0,0.0
46,115,0.0,0.0,0.0,0.0,0.0,0.0
46,116,0.0,0.0,0.0,0.0,0.0,0.0
46,117,63.28,58.46,43.39,15.07,58.46,-0.0
46,118,17.26,17.38,10.7,6.68,17.38,-0.0
46,119,19.51,27.4,19.87,7.53,27.4,0.0
46,122,19.67,24.38,15.19,9.19,24.38,-0.0
46,126,0.0,0.0,0.0,0.0,0.0,0.0
46,127,0.0,0.0,0.0,0.0,0.0,0.0
46,129,0.0,0.0,0.0,0.0,0.0,0.0
46,136,0.0,0.0,0.0,0.0,0.0,0.0
46,140,0.0,0.0,0.0,0.0,0.0,0.0
46,143,0.0,0.0,0.0,0.0,0.0,0.0
46,144,0.0,0.0,0.0,0.0,0.0,0.0
46,150,0.0,0.0,0.0,0.0,0.0,0.0
46,151,0.0,0.0,0.0,0.0,0.0,0.0
46,166,0.0,0.0,0.0,0.0,0.0,0.0
46,185,0.0,0.0,0.0,0.0,0.0,0.0
46,190,0.0,0.0,0.0,0.0,0.0,0.0
46,193,0.0,0.0,0.0,0.0,0.0,0.0
46,194,7.98,19.23,14.47,4.76,19.23,0.0
46,201,10.57,11.9,8.65,3.25,11.9,0.0
46,207,0.0,0.0,0.0,0.0,0.0,0.0
46,212,0.0,0.0,0.0,0.0,0.0,0.0
46,214,0.0,0.0,0.0,0.0,0.0,0.0
46,215,18.74,50.3,39.11,11.19,50.3,0.0
46,219,0.0,0.0,0.0,0.0,0.0,0.0
46,220,0.0,0.0,0.0,0.0,0.0,0.0
46,223,11.46,13.07,9.56,3.51,13.07,-0.0
46,226,0.0,0.0,0.0,0.0,0.0,0.0
46,228,0.0,0.0,0.0,0.0,0.0,0.0
46,240,0.0,0.0,0.0,0.0,0.0,0.0
46,250,0.0,0.0,0.0,0.0,0.0,0.0
46,253,0.0,0.0,0.0,0.0,0.0,0.0
46,290,9.28,16.92,13.48,3.44,16.92,-0.0
46,291,13.13,11.42,8.34,3.08,11.42,0.0
46,292,24.86,22.86,16.45,6.41,22.86,0.0
46,294,0.0,0.0,0.0,0.0,0.0,0.0
46,296,19.96,27.44,22.04,5.4,27.44,-0.0
46,300,33.72,63.57,45.39,18.18,63.57,-0.0
46,310,15.2,16.74,13.65,3.09,16.74,-0.0
46,314,0.0,0.0,0.0,0.0,0.0,0.0
46,345,8.31,9.78,6.87,2.91,9.78,0.0
46,351,10.07,11.91,8.01,3.9,11.91,-0.0
46,363,6.61,10.34,6.8,3.54,10.34,0.0
46,370,0.0,0.0,0.0,0.0,0.0,0.0
46,379,0.0,0.0,0.0,0.0,0.0,0.0
46,381,0.0,0.0,0.0,0.0,0.0,0.0
46,387,0.0,0.0,0.0,0.0,0.0,0.0
46,396,0.0,0.0,0.0,0.0,0.0,0.0
46,397,0.0,0.0,0.0,0.0,0.0,0.0
46,411,0.0,0.0,0.0,0.0,0.0,0.0
46,413,0.0,0.0,0.0,0.0,0.0,0.0
46,414,0.0,0.0,0.0,0.0,0.0,0.0
46,415,0.0,0.0,0.0,0.0,0.0,0.0
46,419,0.0,0.0,0.0,0.0,0.0,0.0
46,422,0.0,0.0,0.0,0.0,0.0,0.0
46,426,0.0,0.0,0.0,0.0,0.0,0.0
46,439,5.68,21.2,13.87,7.33,21.2,0.0
46,453,0.0,0.0,0.0,0.0,0.0,0.0
46,467,0.0,0.0,0.0,0.0,0.0,0.0
46,468,0.0,0.0,0.0,0.0,0.0,0.0
46,478,0.0,0.0,0.0,0.0,0.0,0.0
46,481,0.0,0.0,0.0,0.0,0.0,0.0
46,486,15.21,28.74,20.16,8.58,28.74,0.0
46,489,4.38,14.24,10.16,4.08,14.24,-0.0
46,494,0.0,0.0,0.0,0.0,0.0,0.0
46,496,0.0,0.0,0.0,0.0,0.0,0.0
46,500,3.58,8.21,3.69,4.52,8.21,0.0
46,515,0.0,0.0,0.0,0.0,0.0,0.0
46,549,0.0,0.0,0.0,0.0,0.0,0.0
46,554,0.0,0.0,0.0,0.0,0.0,0.0
46,567,12.12,12.89,9.5,3.38,12.89,-0.0
46,578,7.55,11.2,8.69,2.5,11.2,-0.0
46,580,0.0,0.0,0.0,0.0,0.0,0.0
46,596,0.0,0.0,0.0,0.0,0.0,0.0
46,599,0.0,0.0,0.0,0.0,0.0,0.0
46,600,4.54,15.05,8.75,6.3,15.05,-0.0
46,629,0.0,0.0,0.0,0.0,0.0,0.0
46,631,12.0,11.89,8.74,3.15,11.89,-0.0
46,634,0.0,0.0,0.0,0.0,0.0,0.0
46,635,0.0,0.0,0.0,0.0,0.0,0.0
46,638,8.29,10.17,7.13,3.05,10.17,-0.0
46,644,11.85,16.45,11.7,4.75,16.45,-0.0
46,662,0.0,0.0,0.0,0.0,0.0,0.0
46,666,14.44,32.37,25.3,7.07,32.37,-0.0
46,670,0.0,0.0,0.0,0.0,0.0,0.0
46,672,0.0,0.0,0.0,0.0,0.0,0.0
46,682,13.95,14.38,10.1,4.29,14.38,-0.0
46,684,0.0,0.0,0.0,0.0,0.0,0.0
46,686,0.0,0.0,0.0,0.0,0.0,0.0
46,688,7.42,9.07,6.72,2.35,9.07,0.0
46,691,55.12,56.65,43.29,13.36,56.65,-0.0
46,694,0.0,0.0,0.0,0.0,0.0,0.0
46,699,0.0,0.0,0.0,0.0,0.0,0.0
46,707,0.0,0.0,0.0,0.0,0.0,0.0
46,715,0.0,0.0,0.0,0.0,0.0,0.0
46,719,0.0,0.0,0.0,0.0,0.0,0.0
46,729,8.74,10.39,8.26,2.14,10.39,-0.0
46,740,14.52,10.6,7.03,3.57,10.6,-0.0
46,763,0.0,0.0,0.0,0.0,0.0,0.0
46,764,0.0,0.0,0.0,0.0,0.0,0.0
46,769,9.82,15.19,11.46,3.73,15.19,0.0
46,774,10.02,7.71,4.49,3.23,7.71,0.0
46,775,13.14,24.03,18.74,5.29,24.03,-0.0
46,783,12.05,18.03,13.63,4.4,18.03,0.0
46,796,0.0,0.0,0.0,0.0,0.0,0.0
46,802,5.92,24.27,11.5,12.77,24.27,0.0
46,804,15.93,15.56,11.71,3.85,15.56,-0.0
46,806,0.0,0.0,0.0,0.0,0.0,0.0
46,810,0.0,0.0,0.0,0.0,0.0,0.0
46,829,0.0,0.0,0.0,0.0,0.0,0.0
46,834,11.65,37.1,27.66,9.45,37.1,-0.0
46,843,10.53,9.43,6.2,3.23,9.43,0.0
46,856,0.0,0.0,0.0,0.0,0.0,0.0
46,863,0.0,0.0,0.0,0.0,0.0,0.0
60,4,31.9,41.25,16.82,24.43,41.25,-0.0
60,6,10.42,10.58,7.74,2.84,10.58,-0.0
60,11,0.0,0.0,0.0,0.0,0.0,0.0
60,19,0.0,0.0,0.0,0.0,0.0,0.0
60,21,0.0,0.0,0.0,0.0,0.0,0.0
60,23,0.0,0.0,0.0,0.0,0.0,0.0
60,26,0.0,0.0,0.0,0.0,0.0,0.0
60,30,0.0,0.0,0.0,0.0,0.0,0.0
60,38,0.0,0.0,0.0,0.0,0.0,0.0
60,41,6.21,12.63,8.32,4.31,12.63,0.0
60,58,0.0,0.0,0.0,0.0,0.0,0.0
60,70,31.26,31.31,23.41,7.9,31.31,-0.0
60,71,0.0,0.0,0.0,0.0,0.0,0.0
60,74,0.0,0.0,0.0,0.0,0.0,0.0
60,76,8.87,9.0,4.17,4.84,9.0,0.0
60,77,0.0,0.0,0.0,0.0,0.0,0.0
60,84,0.0,0.0,0.0,0.0,0.0,0.0
60,90,0.0,0.0,0.0,0.0,0.0,0.0
60,93,0.0,0.0,0.0,0.0,0.0,0.0
60,99,0.0,0.0,0.0,0.0,0.0,0.0
60,104,12.87,28.36,21.76,6.6,28.36,0.0
60,108,0.0,0.0,0.0,0.0,0.0,0.0
60,110,0.0,0.0,0.0,0.0,0.0,0.0
60,114,0.0,0.0,0.0,0.0,0.0,0.0
60,115,0.0,0.0,0.0,0.0,0.0,0.0
60,116,0.0,0.0,0.0,0.0,0.0,0.0
60,117,2.87,24.47,16.63,7.84,24.47,-0.0
60,118,17.27,10.88,6.22,4.66,10.88,0.0
60,119,21.63,18.81,13.99,4.81,18.81,-0.0
60,122,10.22,24.35,18.1,6.24,24.35,0.0
60,126,11.12,13.63,9.59,4.04,13.63,-0.0
60,127,4.09,7.71,4.89,2.82,7.71,0.0
60,129,0.0,0.0,0.0,0.0,0.0,0.0
60,136,0.0,0.0,0.0,0.0,0.0,0.0
60,140,0.0,0.0,0.0,0.0,0.0,0.0
60,143,0.0,0.0,0.0,0.0,0.0,0.0
60,144,0.0,0.0,0.0,0.0,0.0,0.0
60,150,0.0,0.0,0.0,0.0,0.0,0.0
60,151,0.0,0.0,0.0,0.0,0.0,0.0
60,166,15.61,28.03,23.77,4.25,28.03,0.0
60,185,0.0,0.0,0.0,0.0,0.0,0.0
60,190,7.46,8.56,6.54,2.02,8.56,0.0
60,193,0.0,0.0,0.0,0.0,0.0,0.0
60,194,0.0,0.0,0.0,0.0,0.0,0.0
60,201,7.77,10.81,7.51,3.3,10.81,-0.0
60,207,6.35,11.63,9.42,2.21,11.63,0.0
60,212,0.0,0.0,0.0,0.0,0.0,0.0
60,214,0.0,0.0,0.0,0.0,0.0,0.0
60,215,19.99,25.7,18.81,6.89,25.7,0.0
60,219,0.0,0.0,0.0,0.0,0.0,0.0
60,220,0.0,0.0,0.0,0.0,0.0,0.0
60,223,6.93,8.77,6.51,2.26,8.77,0.0
60,226,6.28,8.79,7.1,1.69,8.79,0.0
60,228,0.0,0.0,0.0,0.0,0.0,0.0
60,240,0.0,0.0,0.0,0.0,0.0,0.0
60,250,0.0,0.0,0.0,0.0,0.0,0.0
60,253,0.0,0.0,0.0,0.0,0.0,0.0
60,290,0.0,0.0,0.0,0.0,0.0,0.0
60,291,0.0,0.0,0.0,0.0,0.0,0.0
60,292,3.18,21.06,16.09,4.97,21.06,-0.0
60,294,7.1,7.77,5.43,2.34,7.77,0.0
60,296,0.0,0.0,0.0,0.0,0.0,0.0
60,300,30.97,48.19,36.07,12.12,48.19,0.0
60,310,0.0,0.0,0.0,0.0,0.0,0.0
60,314,0.0,0.0,0.0,0.0,0.0,0.0
60,345,0.0,0.0,0.0,0.0,0.0,0.0
60,351,0.0,0.0,0.0,0.0,0.0,0.0
60,363,4.87,9.12,6.03,3.09,9.12,-0.0
60,370,0.0,0.0,0.0,0.0,0.0,0.0
60,379,6.59,16.5,11.72,4.78,16.5,0.0
60,381,0.0,0.0,0.0,0.0,0.0,0.0
60,387,6.33,8.37,5.66,2.71,8.37,0.0
60,396,0.0,0.0,0.0,0.0,0.0,0.0
60,397,0.0,0.0,0.0,0.0,0.0,0.0
60,411,0.0,0.0,0.0,0.0,0.0,0.0
60,413,0.0,0.0,0.0,0.0,0.0,0.0
60,414,0.0,0.0,0.0,0.0,0.0,0.0
60,415,0.0,0.0,0.0,0.0,0.0,0.0
60,419,0.0,0.0,0.0,0.0,0.0,0.0
60,422,9.95,10.01,5.63,4.38,10.01,-0.0
60,426,0.0,0.0,0.0,0.0,0.0,0.0
60,439,0.0,0.0,0.0,0.0,0.0,0.0
60,453,0.0,0.0,0.0,0.0,0.0,0.0
60,467,0.0,0.0,0.0,0.0,0.0,0.0
60,468,0.0,0.0,0.0,0.0,0.0,0.0
60,478,5.89,9.13,7.19,1.94,9.13,0.0
60,481,24.54,21.54,17.03,4.51,21.54,0.0
60,486,11.71,18.07,13.3,4.77,18.07,0.0
60,489,7.02,8.77,6.45,2.32,8.77,0.0
60,494,0.0,0.0,0.0,0.0,0.0,0.0
60,496,0.0,0.0,0.0,0.0,0.0,0.0
60,500,5.37,8.09,3.97,4.12,8.09,0.0
60,515,0.0,0.0,0.0,0.0,0.0,0.0
60,549,0.0,0.0,0.0,0.0,0.0,0.0
60,554,7.72,10.71,8.1,2.61,10.71,0.0
60,567,7.66,7.19,4.59,2.6,7.19,-0.0
60,578,5.12,12.34,10.19,2.15,12.34,-0.0
60,580,25.55,29.96,24.11,5.85,29.96,0.0
60,596,10.47,19.88,14.25,5.63,19.88,0.0
60,599,0.0,0.0,0.0,0.0,0.0,0.0
60,600,18.44,16.92,10.94,5.98,16.92,0.0
60,629,0.0,0.0,0.0,0.0,0.0,0.0
60,631,3.26,8.25,6.18,2.07,8.25,-0.0
60,634,7.05,8.1,6.14,1.96,8.1,0.0
60,635,4.59,11.61,8.88,2.73,11.61,0.0
60,638,11.55,12.48,9.64,2.83,12.48,-0.0
60,644,0.0,0.0,0.0,0.0,0.0,0.0
60,662,0.0,0.0,0.0,0.0,0.0,0.0
60,666,21.64,17.13,13.62,3.51,17.13,0.0
60,670,0.0,0.0,0.0,0.0,0.0,0.0
60,672,0.0,0.0,0.0,0.0,0.0,0.0
60,682,6.39,11.56,8.76,2.8,11.56,-0.0
60,684,0.0,0.0,0.0,0.0,0.0,0.0
60,686,0.0,0.0,0.0,0.0,0.0,0.0
60,688,0.0,0.0,0.0,0.0,0.0,0.0
60,691,14.58,44.62,35.73,8.89,44.62,-0.0
60,694,0.0,0.0,0.0,0.0,0.0,0.0
60,699,0.0,0.0,0.0,0.0,0.0,0.0
60,707,0.0,0.0,0.0,0.0,0.0,0.0
60,715,0.0,0.0,0.0,0.0,0.0,0.0
60,719,0.0,0.0,0.0,0.0,0.0,0.0
60,729,0.0,0.0,0.0,0.0,0.0,0.0
60,740,10.31,14.18,11.51,2.67,14.18,-0.0
60,763,0.0,0.0,0.0,0.0,0.0,0.0
60,764,0.0,0.0,0.0,0.0,0.0,0.0
60,769,13.85,10.55,7.56,3.0,10.55,-0.0
60,774,8.77,8.67,5.93,2.74,8.67,-0.0
60,775,15.93,19.05,15.33,3.73,19.05,-0.0
60,783,4.79,8.48,5.85,2.63,8.48,0.0
60,796,0.0,0.0,0.0,0.0,0.0,0.0
60,802,0.0,0.0,0.0,0.0,0.0,0.0
60,804,0.0,0.0,0.0,0.0,0.0,0.0
60,806,0.0,0.0,0.0,0.0,0.0,0.0
60,810,0.0,0.0,0.0,0.0,0.0,0.0
60,829,0.0,0.0,0.0,0.0,0.0,0.0
60,834,5.1,14.36,10.49,3.87,14.36,-0.0
60,843,0.0,0.0,0.0,0.0,0.0,0.0
60,856,0.0,0.0,0.0,0.0,0.0,0.0
60,863,0.0,0.0,0.0,0.0,0.0,0.0
74,4,16.79,44.98,21.87,23.12,44.98,-0.0
74,6,12.71,19.86,14.87,4.99,19.86,-0.0
74,11,0.0,0.0,0.0,0.0,0.0,0.0
74,19,0.0,0.0,0.0,0.0,0.0,0.0
74,21,4.28,10.18,7.03,3.15,10.18,0.0
74,23,4.48,9.24,6.1,3.14,9.24,-0.0
74,26,6.82,8.19,5.43,2.76,8.19,0.0
74,30,0.0,0.0,0.0,0.0,0.0,0.0
74,38,0.0,0.0,0.0,0.0,0.0,0.0
74,41,9.77,15.85,10.15,5.7,15.85,-0.0
74,58,0.0,0.0,0.0,0.0,0.0,0.0
74,70,27.98,66.38,53.04,13.34,66.38,0.0
74,71,0.0,0.0,0.0,0.0,0.0,0.0
74,74,0.0,0.0,0.0,0.0,0.0,0.0
74,76,0.0,0.0,0.0,0.0,0.0,0.0
74,77,0.0,0.0,0.0,0.0,0.0,0.0
74,84,0.0,0.0,0.0,0.0,0.0,0.0
74,90,0.0,0.0,0.0,0.0,0.0,0.0
74,93,0.0,0.0,0.0,0.0,0.0,0.0
74,99,0.0,0.0,0.0,0.0,0.0,0.0
74,104,15.77,39.72,29.77,9.94,39.72,-0.0
74,108,0.0,0.0,0.0,0.0,0.0,0.0
74,110,0.0,0.0,0.0,0.0,0.0,0.0
74,114,0.0,0.0,0.0,0.0,0.0,0.0
74,115,0.0,0.0,0.0,0.0,0.0,0.0
74,116,0.0,0.0,0.0,0.0,0.0,0.0
74,117,49.42,60.54,47.45,13.09,60.54,-0.0
74,118,16.06,16.03,8.32,7.71,16.03,0.0
74,119,41.96,41.96,23.58,9.27,32.85,9.11
74,122,15.97,23.47,16.45,7.02,23.47,0.0
74,126,0.0,0.0,0.0,0.0,0.0,0.0
74,127,5.29,9.29,7.12,2.18,9.29,-0.0
74,129,5.66,14.27,7.28,6.98,14.27,0.0
74,136,0.0,0.0,0.0,0.0,0.0,0.0
74,140,0.0,0.0,0.0,0.0,0.0,0.0
74,143,0.0,0.0,0.0,0.0,0.0,0.0
74,144,0.0,0.0,0.0,0.0,0.0,0.0
74,150,0.0,0.0,0.0,0.0,0.0,0.0
74,151,6.5,7.3,5.63,1.66,7.3,0.0
74,166,0.0,0.0,0.0,0.0,0.0,0.0
74,185,0.0,0.0,0.0,0.0,0.0,0.0
74,190,0.0,0.0,0.0,0.0,0.0,0.0
74,193,0.0,0.0,0.0,0.0,0.0,0.0
74,194,5.8,14.31,10.38,3.93,14.31,-0.0
74,201,0.0,0.0,0.0,0.0,0.0,0.0
74,207,0.0,0.0,0.0,0.0,0.0,0.0
74,212,0.0,0.0,0.0,0.0,0.0,0.0
74,214,0.0,0.0,0.0,0.0,0.0,0.0
74,215,38.6,45.02,34.45,10.56,45.02,0.0
74,219,0.0,0.0,0.0,0.0,0.0,0.0
74,220,0.0,0.0,0.0,0.0,0.0,0.0
74,223,0.0,0.0,0.0,0.0,0.0,0.0
74,226,0.0,0.0,0.0,0.0,0.0,0.0
74,228,0.0,0.0,0.0,0.0,0.0,0.0
74,240,0.0,0.0,0.0,0.0,0.0,0.0
74,250,0.0,0.0,0.0,0.0,0.0,0.0
74,253,0.0,0.0,0.0,0.0,0.0,0.0
74,290,13.92,17.3,12.97,4.32,17.3,0.0
74,291,8.02,15.2,11.57,3.63,15.2,0.0
74,292,19.01,15.42,9.57,5.85,15.42,-0.0
74,294,0.0,0.0,0.0,0.0,0.0,0.0
74,296,12.13,19.83,14.98,4.85,19.83,-0.0
74,300,29.72,72.99,54.04,18.95,72.99,-0.0
74,310,0.0,0.0,0.0,0.0,0.0,0.0
74,314,0.0,0.0,0.0,0.0,0.0,0.0
74,345,5.28,6.0,3.94,2.06,6.0,-0.0
74,351,0.0,0.0,0.0,0.0,0.0,0.0
74,363,9.89,9.54,5.81,3.73,9.54,0.0
74,370,0.0,0.0,0.0,0.0,0.0,0.0
74,379,0.0,0.0,0.0,0.0,0.0,0.0
74,381,0.0,0.0,0.0,0.0,0.0,0.0
74,387,0.0,0.0,0.0,0.0,0.0,0.0
74,396,0.0,0.0,0.0,0.0,0.0,0.0
74,397,0.0,0.0,0.0,0.0,0.0,0.0
74,411,0.0,0.0,0.0,0.0,0.0,0.0
74,413,0.0,0.0,0.0,0.0,0.0,0.0
74,414,0.0,0.0,0.0,0.0,0.0,0.0
74,415,0.0,0.0,0.0,0.0,0.0,0.0
74,419,0.0,0.0,0.0,0.0,0.0,0.0
74,422,5.0,10.55,5.5,5.05,10.55,-0.0
74,426,8.63,13.23,8.03,5.2,13.23,-0.0
74,439,0.0,0.0,0.0,0.0,0.0,0.0
74,453,0.0,0.0,0.0,0.0,0.0,0.0
74,467,0.0,0.0,0.0,0.0,0.0,0.0
74,468,0.0,0.0,0.0,0.0,0.0,0.0
74,478,0.0,0.0,0.0,0.0,0.0,0.0
74,481,0.0,0.0,0.0,0.0,0.0,0.0
74,486,22.17,24.28,17.15,7.13,24.28,0.0
74,489,0.0,0.0,0.0,0.0,0.0,0.0
74,494,0.0,0.0,0.0,0.0,0.0,0.0
74,496,0.0,0.0,0.0,0.0,0.0,0.0
74,500,3.14,10.17,5.69,4.49,10.17,-0.0
74,515,0.0,0.0,0.0,0.0,0.0,0.0
74,549,0.0,0.0,0.0,0.0,0.0,0.0
74,554,7.47,8.62,6.04,2.58,8.62,-0.0
74,567,0.0,0.0,0.0,0.0,0.0,0.0
74,578,7.14,8.66,6.74,1.92,8.66,-0.0
74,580,0.0,0.0,0.0,0.0,0.0,0.0
74,596,6.89,19.52,13.02,6.5,19.52,0.0
74,599,17.75,22.73,15.25,7.48,22.73,-0.0
74,600,4.79,7.86,4.04,3.82,7.86,0.0
74,629,0.0,0.0,0.0,0.0,0.0,0.0
74,631,6.45,8.43,6.14,2.29,8.43,-0.0
74,634,0.0,0.0,0.0,0.0,0.0,0.0
74,635,0.0,0.0,0.0,0.0,0.0,0.0
74,638,5.47,10.37,7.87,2.5,10.37,0.0
74,644,9.88,16.15,11.16,4.99,16.15,0.0
74,662,0.0,0.0,0.0,0.0,0.0,0.0
74,666,23.14,39.58,31.31,8.27,39.58,-0.0
74,670,0.0,0.0,0.0,0.0,0.0,0.0
74,672,0.0,0.0,0.0,0.0,0.0,0.0
74,682,7.0,11.75,8.45,3.29,11.75,-0.0
74,684,0.0,0.0,0.0,0.0,0.0,0.0
74,686,6.98,7.32,4.92,2.4,7.32,0.0
74,688,0.0,0.0,0.0,0.0,0.0,0.0
74,691,66.72,50.92,38.98,11.94,50.92,-0.0
74,694,0.0,0.0,0.0,0.0,0.0,0.0
74,699,0.0,0.0,0.0,0.0,0.0,0.0
74,707,0.0,0.0,0.0,0.0,0.0,0.0
74,715,4.25,10.41,7.34,3.07,10.41,0.0
74,719,4.74,7.1,5.2,1.91,7.1,-0.0
74,729,0.0,0.0,0.0,0.0,0.0,0.0
74,740,10.13,13.82,9.86,3.97,13.82,0.0
74,763,0.0,0.0,0.0,0.0,0.0,0.0
74,764,0.0,0.0,0.0,0.0,0.0,0.0
74,769,2.54,15.02,11.55,3.47,15.02,0.0
74,774,1.84,8.82,5.66,3.16,8.82,0.0
74,775,13.49,24.01,19.1,4.91,24.01,-0.0
74,783,10.13,14.36,10.8,3.55,14.36,0.0
74,796,0.0,0.0,0.0,0.0,0.0,0.0
74,802,8.14,40.84,27.15,13.69,40.84,0.0
74,804,0.0,0.0,0.0,0.0,0.0,0.0
74,806,0.0,0.0,0.0,0.0,0.0,0.0
74,810,10.91,15.59,11.37,4.21,15.59,-0.0
74,829,0.0,0.0,0.0,0.0,0.0,0.0
74,834,9.3,24.25,16.16,8.09,24.25,-0.0
74,843,0.0,0.0,0.0,0.0,0.0,0.0
74,856,0.0,0.0,0.0,0.0,0.0,0.0
74,863,0.0,0.0,0.0,0.0,0.0,0.0
118,4,30.66,33.91,15.75,18.15,33.91,0.0
118,6,16.21,25.5,19.99,5.51,25.5,0.0
118,11,0.0,0.0,0.0,0.0,0.0,0.0
118,19,10.89,19.8,14.59,5.21,19.8,-0.0
118,21,10.16,14.13,11.41,2.71,14.13,-0.0
118,23,0.0,0.0,0.0,0.0,0.0,0.0
118,26,7.39,9.14,6.78,2.36,9.14,0.0
118,30,0.0,0.0,0.0,0.0,0.0,0.0
118,38,0.0,0.0,0.0,0.0,0.0,0.0
118,41,7.47,19.82,13.73,6.09,19.82,-0.0
118,58,0.0,0.0,0.0,0.0,0.0,0.0
118,70,28.53,39.67,28.83,10.84,39.67,0.0
118,71,0.0,0.0,0.0,0.0,0.0,0.0
118,74,0.0,0.0,0.0,0.0,0.0,0.0
118,76,22.53,21.2,15.44,5.76,21.2,-0.0
118,77,8.18,11.54,8.83,2.71,11.54,-0.0
118,84,8.81,11.83,8.76,3.07,11.83,0.0
118,90,0.0,0.0,0.0,0.0,0.0,0.0
118,93,0.0,0.0,0.0,0.0,0.0,0.0
118,99,8.53,13.08,9.86,3.22,13.08,0.0
118,104,0.0,0.0,0.0,0.0,0.0,0.0
118,108,6.89,11.6,8.31,3.29,11.6,0.0
118,110,0.0,0.0,0.0,0.0,0.0,0.0
118,114,0.0,0.0,0.0,0.0,0.0,0.0
118,115,0.0,0.0,0.0,0.0,0.0,0.0
118,116,16.73,14.22,9.32,4.76,14.07,0.15
118,117,34.97,44.69,31.59,13.1,44.69,-0.0
118,118,12.55,19.27,11.94,7.33,19.27,-0.0
118,119,0.0,0.0,0.0,0.0,0.0,0.0
118,122,20.24,29.85,23.2,6.65,29.85,-0.0
118,126,0.0,0.0,0.0,0.0,0.0,0.0
118,127,0.0,0.0,0.0,0.0,0.0,0.0
118,129,0.0,0.0,0.0,0.0,0.0,0.0
118,136,4.95,12.08,9.14,2.94,12.08,-0.0
118,140,0.0,0.0,0.0,0.0,0.0,0.0
118,143,0.0,0.0,0.0,0.0,0.0,0.0
118,144,13.38,20.86,16.77,4.09,20.86,0.0
118,150,9.49,13.58,10.79,2.78,13.58,-0.0
118,151,0.0,0.0,0.0,0.0,0.0,0.0
118,166,0.0,0.0,0.0,0.0,0.0,0.0
118,185,0.0,0.0,0.0,0.0,0.0,0.0
118,190,14.61,17.01,13.17,3.84,17.01,-0.0
118,193,12.55,21.52,17.24,4.28,21.52,-0.0
118,194,0.0,0.0,0.0,0.0,0.0,0.0
118,201,10.94,13.72,10.66,3.06,13.72,0.0
118,207,0.0,0.0,0.0,0.0,0.0,0.0
118,212,0.0,0.0,0.0,0.0,0.0,0.0
118,214,2.15,11.98,8.63,3.34,11.98,-0.0
118,215,18.29,52.75,42.96,9.79,52.75,0.0
118,219,0.0,0.0,0.0,0.0,0.0,0.0
118,220,7.91,10.17,7.96,2.22,10.17,0.0
118,223,0.0,0.0,0.0,0.0,0.0,0.0
118,226,0.0,0.0,0.0,0.0,0.0,0.0
118,228,0.0,0.0,0.0,0.0,0.0,0.0
118,240,9.59,19.24,13.9,5.34,19.24,-0.0
118,250,0.0,0.0,0.0,0.0,0.0,0.0
118,253,8.67,12.52,9.88,2.64,12.52,-0.0
118,290,7.57,13.84,11.1,2.74,13.84,-0.0
118,291,0.0,0.0,0.0,0.0,0.0,0.0
118,292,15.38,17.6,12.49,5.11,17.6,-0.0
118,294,0.0,0.0,0.0,0.0,0.0,0.0
118,296,9.52,15.58,12.13,3.45,15.58,-0.0
118,300,0.0,0.0,0.0,0.0,0.0,0.0
118,310,0.0,0.0,0.0,0.0,0.0,0.0
118,314,0.0,0.0,0.0,0.0,0.0,0.0
118,345,0.0,0.0,0.0,0.0,0.0,0.0
118,351,0.0,0.0,0.0,0.0,0.0,0.0
118,363,0.0,0.0,0.0,0.0,0.0,0.0
118,370,0.0,0.0,0.0,0.0,0.0,0.0
118,379,0.0,0.0,0.0,0.0,0.0,0.0
118,381,0.0,0.0,0.0,0.0,0.0,0.0
118,387,4.81,9.94,6.5,3.43,9.94,-0.0
118,396,0.0,0.0,0.0,0.0,0.0,0.0
118,397,0.0,0.0,0.0,0.0,0.0,0.0
118,411,0.0,0.0,0.0,0.0,0.0,0.0
118,413,0.0,0.0,0.0,0.0,0.0,0.0
118,414,0.0,0.0,0.0,0.0,0.0,0.0
118,415,0.0,0.0,0.0,0.0,0.0,0.0
118,419,8.88,16.66,13.73,2.94,16.66,-0.0
118,422,6.69,13.08,7.59,5.49,13.08,0.0
118,426,9.32,16.82,12.74,4.08,16.82,-0.0
118,439,0.0,0.0,0.0,0.0,0.0,0.0
118,453,0.0,0.0,0.0,0.0,0.0,0.0
118,467,0.0,0.0,0.0,0.0,0.0,0.0
118,468,0.0,0.0,0.0,0.0,0.0,0.0
118,478,2.42,11.58,8.76,2.83,11.58,-0.0
118,481,0.0,0.0,0.0,0.0,0.0,0.0
118,486,26.28,28.87,22.29,6.59,28.87,0.0
118,489,0.0,0.0,0.0,0.0,0.0,0.0
118,494,0.0,0.0,0.0,0.0,0.0,0.0
118,496,0.0,0.0,0.0,0.0,0.0,0.0
118,500,11.86,16.23,10.11,6.12,16.23,-0.0
118,515,0.0,0.0,0.0,0.0,0.0,0.0
118,549,0.0,0.0,0.0,0.0,0.0,0.0
118,554,11.77,13.84,10.29,3.54,13.84,0.0
118,567,0.0,0.0,0.0,0.0,0.0,0.0
118,578,0.0,0.0,0.0,0.0,0.0,0.0
118,580,9.34,30.02,23.57,6.45,30.02,-0.0
118,596,17.39,18.56,14.15,4.41,18.56,-0.0
118,599,0.0,0.0,0.0,0.0,0.0,0.0
118,600,12.56,19.2,11.89,7.31,19.2,-0.0
118,629,0.0,0.0,0.0,0.0,0.0,0.0
118,631,10.94,10.02,7.36,2.66,10.02,0.0
118,634,0.0,0.0,0.0,0.0,0.0,0.0
118,635,10.47,8.59,5.64,2.95,8.59,-0.0
118,638,10.37,12.39,9.69,2.7,12.39,0.0
118,644,0.0,0.0,0.0,0.0,0.0,0.0
118,662,0.0,0.0,0.0,0.0,0.0,0.0
118,666,0.0,0.0,0.0,0.0,0.0,0.0
118,670,0.0,0.0,0.0,0.0,0.0,0.0
118,672,0.0,0.0,0.0,0.0,0.0,0.0
118,682,0.0,0.0,0.0,0.0,0.0,0.0
118,684,0.0,0.0,0.0,0.0,0.0,0.0
118,686,0.0,0.0,0.0,0.0,0.0,0.0
118,688,0.0,0.0,0.0,0.0,0.0,0.0
118,691,0.0,0.0,0.0,0.0,0.0,0.0
118,694,0.0,0.0,0.0,0.0,0.0,0.0
118,699,0.0,0.0,0.0,0.0,0.0,0.0
118,707,0.0,0.0,0.0,0.0,0.0,0.0
118,715,0.0,0.0,0.0,0.0,0.0,0.0
118,719,0.0,0.0,0.0,0.0,0.0,0.0
118,729,0.0,0.0,0.0,0.0,0.0,0.0
118,740,0.0,0.0,0.0,0.0,0.0,0.0
118,763,0.0,0.0,0.0,0.0,0.0,0.0
118,764,0.0,0.0,0.0,0.0,0.0,0.0
118,769,0.0,0.0,0.0,0.0,0.0,0.0
118,774,0.0,0.0,0.0,0.0,0.0,0.0
118,775,0.0,0.0,0.0,0.0,0.0,0.0
118,783,9.04,14.41,10.23,4.18,14.41,-0.0
118,796,0.0,0.0,0.0,0.0,0.0,0.0
118,802,2.06,19.75,11.45,8.3,19.75,-0.0
118,804,0.0,0.0,0.0,0.0,0.0,0.0
118,806,6.24,8.24,5.0,3.24,8.24,0.0
118,810,0.0,0.0,0.0,0.0,0.0,0.0
118,829,6.2,9.26,6.17,3.09,9.26,-0.0
118,834,18.08,30.14,22.27,7.87,30.14,0.0
118,843,8.49,13.42,10.28,3.13,13.42,0.0
118,856,0.0,0.0,0.0,0.0,0.0,0.0
118,863,0.0,0.0,0.0,0.0,0.0,0.0
131,4,41.26,57.04,28.33,28.71,57.04,-0.0
131,6,6.86,12.19,9.31,2.87,12.19,-0.0
131,11,0.0,0.0,0.0,0.0,0.0,0.0
131,19,17.65,15.52,11.32,4.21,15.52,-0.0
131,21,0.0,0.0,0.0,0.0,0.0,0.0
131,23,0.0,0.0,0.0,0.0,0.0,0.0
131,26,7.4,9.12,6.87,2.25,9.12,-0.0
131,30,0.0,0.0,0.0,0.0,0.0,0.0
131,38,0.0,0.0,0.0,0.0,0.0,0.0
131,41,6.92,17.44,11.86,5.58,17.44,0.0
131,58,0.0,0.0,0.0,0.0,0.0,0.0
131,70,44.16,47.04,37.35,9.69,47.04,0.0
131,71,0.0,0.0,0.0,0.0,0.0,0.0
131,74,7.15,8.9,6.9,2.0,8.9,0.0
131,76,12.87,6.85,2.97,3.88,6.85,-0.0
131,77,0.0,0.0,0.0,0.0,0.0,0.0
131,84,0.0,0.0,0.0,0.0,0.0,0.0
131,90,0.0,0.0,0.0,0.0,0.0,0.0
131,93,0.0,0.0,0.0,0.0,0.0,0.0
131,99,0.0,0.0,0.0,0.0,0.0,0.0
131,104,17.8,36.74,28.93,7.82,36.74,0.0
131,108,0.0,0.0,0.0,0.0,0.0,0.0
131,110,0.0,0.0,0.0,0.0,0.0,0.0
131,114,0.0,0.0,0.0,0.0,0.0,0.0
131,115,0.0,0.0,0.0,0.0,0.0,0.0
131,116,0.0,0.0,0.0,0.0,0.0,0.0
131,117,24.81,28.45,18.19,10.26,28.45,-0.0
131,118,13.41,14.86,9.15,5.71,14.86,0.0
131,119,27.73,26.59,19.69,6.9,26.59,0.0
131,122,20.33,23.14,16.64,6.5,23.14,0.0
131,126,0.0,0.0,0.0,0.0,0.0,0.0
131,127,0.0,0.0,0.0,0.0,0.0,0.0
131,129,0.0,0.0,0.0,0.0,0.0,0.0
131,136,0.0,0.0,0.0,0.0,0.0,0.0
131,140,0.0,0.0,0.0,0.0,0.0,0.0
131,143,0.0,0.0,0.0,0.0,0.0,0.0
131,144,0.0,0.0,0.0,0.0,0.0,0.0
131,150,0.0,0.0,0.0,0.0,0.0,0.0
131,151,0.0,0.0,0.0,0.0,0.0,0.0
131,166,14.89,38.44,31.75,6.7,38.44,0.0
131,185,0.0,0.0,0.0,0.0,0.0,0.0
131,190,0.0,0.0,0.0,0.0,0.0,0.0
131,193,6.56,7.57,5.47,2.1,7.57,-0.0
131,194,6.97,16.16,12.32,3.84,16.16,0.0
131,201,0.0,0.0,0.0,0.0,0.0,0.0
131,207,3.17,8.9,6.62,2.28,8.9,0.0
131,212,0.0,0.0,0.0,0.0,0.0,0.0
131,214,0.0,0.0,0.0,0.0,0.0,0.0
131,215,23.79,38.4,29.94,8.47,38.4,0.0
131,219,0.0,0.0,0.0,0.0,0.0,0.0
131,220,0.0,0.0,0.0,0.0,0.0,0.0
131,223,8.06,11.85,8.84,3.0,11.85,-0.0
131,226,0.0,0.0,0.0,0.0,0.0,0.0
131,228,0.0,0.0,0.0,0.0,0.0,0.0
131,240,0.0,0.0,0.0,0.0,0.0,0.0
131,250,7.03,8.2,5.29,2.91,8.2,0.0
131,253,0.0,0.0,0.0,0.0,0.0,0.0
131,290,17.57,13.57,10.74,2.83,13.57,0.0
131,291,8.04,9.41,5.92,3.49,9.41,0.0
131,292,13.29,24.15,18.07,6.08,24.15,0.0
131,294,0.0,0.0,0.0,0.0,0.0,0.0
131,296,18.5,21.15,15.95,5.19,21.15,0.0
131,300,36.34,61.43,46.75,14.67,61.43,-0.0
131,310,0.0,0.0,0.0,0.0,0.0,0.0
131,314,0.0,0.0,0.0,0.0,0.0,0.0
131,345,4.62,7.95,5.6,2.35,7.95,-0.0
131,351,0.0,0.0,0.0,0.0,0.0,0.0
131,363,4.51,13.72,10.03,3.69,13.72,-0.0
131,370,0.0,0.0,0.0,0.0,0.0,0.0
131,379,8.17,17.2,10.95,6.25,17.2,0.0
131,381,0.0,0.0,0.0,0.0,0.0,0.0
131,387,0.0,0.0,0.0,0.0,0.0,0.0
131,396,0.0,0.0,0.0,0.0,0.0,0.0
131,397,0.0,0.0,0.0,0.0,0.0,0.0
131,411,5.95,12.39,7.86,4.52,12.39,-0.0
131,413,0.0,0.0,0.0,0.0,0.0,0.0
131,414,0.0,0.0,0.0,0.0,0.0,0.0
131,415,0.0,0.0,0.0,0.0,0.0,0.0
131,419,0.0,0.0,0.0,0.0,0.0,0.0
131,422,8.18,13.7,8.87,4.83,13.7,0.0
131,426,0.0,0.0,0.0,0.0,0.0,0.0
131,439,0.0,0.0,0.0,0.0,0.0,0.0
131,453,0.0,0.0,0.0,0.0,0.0,0.0
131,467,0.0,0.0,0.0,0.0,0.0,0.0
131,468,0.0,0.0,0.0,0.0,0.0,0.0
131,478,0.0,0.0,0.0,0.0,0.0,0.0
131,481,0.0,0.0,0.0,0.0,0.0,0.0
131,486,19.25,21.91,14.9,7.02,21.91,-0.0
131,489,0.0,0.0,0.0,0.0,0.0,0.0
131,494,0.0,0.0,0.0,0.0,0.0,0.0
131,496,7.64,7.73,5.53,2.21,7.73,0.0
131,500,0.0,0.0,0.0,0.0,0.0,0.0
131,515,0.0,0.0,0.0,0.0,0.0,0.0
131,549,0.0,0.0,0.0,0.0,0.0,0.0
131,554,0.0,0.0,0.0,0.0,0.0,0.0
131,567,5.48,8.18,5.29,2.89,8.18,-0.0
131,578,5.0,9.34,6.82,2.52,9.34,0.0
131,580,0.0,0.0,0.0,0.0,0.0,0.0
131,596,12.0,21.22,14.4,6.82,21.22,-0.0
131,599,0.0,0.0,0.0,0.0,0.0,0.0
131,600,0.0,0.0,0.0,0.0,0.0,0.0
131,629,10.64,11.88,8.21,3.66,11.88,0.0
131,631,9.43,14.62,11.26,3.36,14.62,-0.0
131,634,0.0,0.0,0.0,0.0,0.0,0.0
131,635,2.62,9.42,6.45,2.97,9.42,-0.0
131,638,7.91,11.3,8.15,3.16,11.3,-0.0
131,644,4.88,14.28,10.44,3.84,14.28,0.0
131,662,7.32,7.32,4.63,2.41,7.04,0.28
131,666,0.0,0.0,0.0,0.0,0.0,0.0
131,670,0.0,0.0,0.0,0.0,0.0,0.0
131,672,0.0,0.0,0.0,0.0,0.0,0.0
131,682,15.4,12.7,8.79,3.91,12.7,0.0
131,684,0.0,0.0,0.0,0.0,0.0,0.0
131,686,7.04,9.14,6.74,2.4,9.14,0.0
131,688,0.0,0.0,0.0,0.0,0.0,0.0
131,691,0.0,0.0,0.0,0.0,0.0,0.0
131,694,0.0,0.0,0.0,0.0,0.0,0.0
131,699,0.0,0.0,0.0,0.0,0.0,0.0
131,707,0.0,0.0,0.0,0.0,0.0,0.0
131,715,0.0,0.0,0.0,0.0,0.0,0.0
131,719,0.0,0.0,0.0,0.0,0.0,0.0
131,729,0.0,0.0,0.0,0.0,0.0,0.0
131,740,14.11,15.42,11.83,3.59,15.42,-0.0
131,763,0.0,0.0,0.0,0.0,0.0,0.0
131,764,7.92,7.92,5.05,2.29,7.35,0.57
131,769,11.97,15.0,11.63,3.37,15.0,-0.0
131,774,6.73,12.3,9.05,3.25,12.3,-0.0
131,775,0.0,0.0,0.0,0.0,0.0,0.0
131,783,7.13,11.02,7.67,3.35,11.02,0.0
131,796,0.0,0.0,0.0,0.0,0.0,0.0
131,802,9.31,31.52,21.39,10.13,31.52,-0.0
131,804,0.0,0.0,0.0,0.0,0.0,0.0
131,806,0.0,0.0,0.0,0.0,0.0,0.0
131,810,0.0,0.0,0.0,0.0,0.0,0.0
131,829,0.0,0.0,0.0,0.0,0.0,0.0
131,834,11.01,22.41,16.15,6.25,22.41,-0.0
131,843,0.0,0.0,0.0,0.0,0.0,0.0
131,856,0.0,0.0,0.0,0.0,0.0,0.0
131,863,0.0,0.0,0.0,0.0,0.0,0.0
134,4,19.96,28.63,11.24,17.39,28.63,-0.0
134,6,5.94,10.79,6.9,3.89,10.79,0.0
134,11,7.57,7.69,5.9,1.79,7.69,0.0
134,19,10.5,22.87,16.99,5.87,22.87,-0.0
134,21,5.75,13.7,11.0,2.7,13.7,0.0
134,23,0.0,0.0,0.0,0.0,0.0,0.0
134,26,2.61,7.42,5.19,2.24,7.42,-0.0
134,30,0.0,0.0,0.0,0.0,0.0,0.0
134,38,9.31,17.61,6.35,11.25,17.61,-0.0
134,41,10.44,15.85,10.77,5.08,15.85,0.0
134,58,0.0,0.0,0.0,0.0,0.0,0.0
134,70,24.65,35.78,26.95,8.83,35.78,-0.0
134,71,0.0,0.0,0.0,0.0,0.0,0.0
134,74,0.0,0.0,0.0,0.0,0.0,0.0
134,76,9.79,16.83,12.75,4.09,16.83,-0.0
134,77,0.0,0.0,0.0,0.0,0.0,0.0
134,84,0.0,0.0,0.0,0.0,0.0,0.0
134,90,0.0,0.0,0.0,0.0,0.0,0.0
134,93,0.0,0.0,0.0,0.0,0.0,0.0
134,99,0.0,0.0,0.0,0.0,0.0,0.0
134,104,22.63,28.66,21.5,7.16,28.66,0.0
134,108,0.0,0.0,0.0,0.0,0.0,0.0
134,110,0.0,0.0,0.0,0.0,0.0,0.0
134,114,9.89,12.52,8.03,4.49,12.52,0.0
134,115,0.0,0.0,0.0,0.0,0.0,0.0
134,116,0.0,0.0,0.0,0.0,0.0,0.0
134,117,25.56,29.88,22.66,7.22,29.88,-0.0
134,118,13.93,11.4,6.3,5.1,11.4,0.0
134,119,0.0,0.0,0.0,0.0,0.0,0.0
134,122,18.97,21.09,15.35,5.74,21.09,-0.0
134,126,5.45,14.47,11.02,3.46,14.47,-0.0
134,127,8.58,8.96,5.92,3.04,8.96,0.0
134,129,0.0,0.0,0.0,0.0,0.0,0.0
134,136,0.0,0.0,0.0,0.0,0.0,0.0
134,140,0.0,0.0,0.0,0.0,0.0,0.0
134,143,0.0,0.0,0.0,0.0,0.0,0.0
134,144,0.0,0.0,0.0,0.0,0.0,0.0
134,150,0.0,0.0,0.0,0.0,0.0,0.0
134,151,0.0,0.0,0.0,0.0,0.0,0.0
134,166,9.8,24.74,20.67,4.07,24.74,0.0
134,185,0.0,0.0,0.0,0.0,0.0,0.0
134,190,9.34,9.97,7.21,2.76,9.97,-0.0
134,193,0.0,0.0,0.0,0.0,0.0,0.0
134,194,0.0,0.0,0.0,0.0,0.0,0.0
134,201,14.44,18.61,14.37,4.24,18.61,-0.0
134,207,0.0,0.0,0.0,0.0,0.0,0.0
134,212,0.0,0.0,0.0,0.0,0.0,0.0
134,214,6.9,8.62,6.38,2.24,8.62,0.0
134,215,11.48,34.38,27.25,7.13,34.38,0.0
134,219,0.0,0.0,0.0,0.0,0.0,0.0
134,220,0.0,0.0,0.0,0.0,0.0,0.0
134,223,0.0,0.0,0.0,0.0,0.0,0.0
134,226,0.0,0.0,0.0,0.0,0.0,0.0
134,228,0.0,0.0,0.0,0.0,0.0,0.0
134,240,11.75,15.08,10.96,4.12,15.08,0.0
134,250,0.0,0.0,0.0,0.0,0.0,0.0
134,253,0.0,0.0,0.0,0.0,0.0,0.0
134,290,0.0,0.0,0.0,0.0,0.0,0.0
134,291,0.0,0.0,0.0,0.0,0.0,0.0
134,292,0.0,0.0,0.0,0.0,0.0,0.0
134,294,0.0,0.0,0.0,0.0,0.0,0.0
134,296,0.0,0.0,0.0,0.0,0.0,0.0
134,300,67.14,80.88,61.35,19.53,80.88,0.0
134,310,0.0,0.0,0.0,0.0,0.0,0.0
134,314,0.0,0.0,0.0,0.0,0.0,0.0
134,345,0.0,0.0,0.0,0.0,0.0,0.0
134,351,0.0,0.0,0.0,0.0,0.0,0.0
134,363,0.0,0.0,0.0,0.0,0.0,0.0
134,370,9.16,16.38,13.22,3.15,16.38,-0.0
134,379,0.0,0.0,0.0,0.0,0.0,0.0
134,381,0.0,0.0,0.0,0.0,0.0,0.0
134,387,0.0,0.0,0.0,0.0,0.0,0.0
134,396,0.0,0.0,0.0,0.0,0.0,0.0
134,397,0.0,0.0,0.0,0.0,0.0,0.0
134,411,0.0,0.0,0.0,0.0,0.0,0.0
134,413,34.73,34.88,29.25,5.63,34.88,-0.0
134,414,0.0,0.0,0.0,0.0,0.0,0.0
134,415,0.0,0.0,0.0,0.0,0.0,0.0
134,419,0.0,0.0,0.0,0.0,0.0,0.0
134,422,6.21,10.42,5.76,4.66,10.42,-0.0
134,426,0.0,0.0,0.0,0.0,0.0,0.0
134,439,0.0,0.0,0.0,0.0,0.0,0.0
134,453,4.67,6.5,3.64,2.86,6.5,0.0
134,467,0.0,0.0,0.0,0.0,0.0,0.0
134,468,0.0,0.0,0.0,0.0,0.0,0.0
134,478,0.0,0.0,0.0,0.0,0.0,0.0
134,481,10.93,25.47,20.86,4.61,25.47,-0.0
134,486,12.56,23.8,18.44,5.36,23.8,0.0
134,489,0.0,0.0,0.0,0.0,0.0,0.0
134,494,5.92,12.01,8.34,3.66,12.01,0.0
134,496,0.0,0.0,0.0,0.0,0.0,0.0
134,500,5.53,14.45,10.25,4.19,14.45,0.0
134,515,0.0,0.0,0.0,0.0,0.0,0.0
134,549,0.0,0.0,0.0,0.0,0.0,0.0
134,554,9.59,16.15,12.42,3.73,16.15,0.0
134,567,0.0,0.0,0.0,0.0,0.0,0.0
134,578,10.89,13.69,10.9,2.79,13.69,-0.0
134,580,17.01,25.19,20.26,4.93,25.19,0.0
134,596,10.21,15.92,10.92,5.0,15.92,-0.0
134,599,5.2,8.72,5.2,3.52,8.72,0.0
134,600,11.85,12.72,8.11,4.6,12.72,-0.0
134,629,0.0,0.0,0.0,0.0,0.0,0.0
134,631,2.02,9.83,7.88,1.95,9.83,0.0
134,634,0.0,0.0,0.0,0.0,0.0,0.0
134,635,10.6,9.66,6.66,3.0,9.66,0.0
134,638,5.33,8.75,6.73,2.02,8.75,0.0
134,644,0.0,0.0,0.0,0.0,0.0,0.0
134,662,0.0,0.0,0.0,0.0,0.0,0.0
134,666,0.0,0.0,0.0,0.0,0.0,0.0
134,670,0.0,0.0,0.0,0.0,0.0,0.0
134,672,0.0,0.0,0.0,0.0,0.0,0.0
134,682,0.0,0.0,0.0,0.0,0.0,0.0
134,684,0.0,0.0,0.0,0.0,0.0,0.0
134,686,0.0,0.0,0.0,0.0,0.0,0.0
134,688,0.0,0.0,0.0,0.0,0.0,0.0
134,691,39.28,43.36,33.84,9.52,43.36,-0.0
134,694,0.0,0.0,0.0,0.0,0.0,0.0
134,699,0.0,0.0,0.0,0.0,0.0,0.0
134,707,0.0,0.0,0.0,0.0,0.0,0.0
134,715,0.0,0.0,0.0,0.0,0.0,0.0
134,719,0.0,0.0,0.0,0.0,0.0,0.0
134,729,0.0,0.0,0.0,0.0,0.0,0.0
134,740,11.71,18.42,15.33,3.09,18.42,0.0
134,763,5.56,10.41,7.5,2.91,10.41,-0.0
134,764,0.0,0.0,0.0,0.0,0.0,0.0
134,769,8.02,10.9,8.16,2.73,10.9,-0.0
134,774,0.0,0.0,0.0,0.0,0.0,0.0
134,775,8.86,19.46,14.95,4.51,19.46,0.0
134,783,7.85,15.38,11.03,4.35,15.38,0.0
134,796,37.21,31.76,23.41,8.34,31.76,0.0
134,802,0.0,0.0,0.0,0.0,0.0,0.0
134,804,0.0,0.0,0.0,0.0,0.0,0.0
134,806,0.0,0.0,0.0,0.0,0.0,0.0
134,810,18.2,17.72,13.75,3.97,17.72,-0.0
134,829,0.0,0.0,0.0,0.0,0.0,0.0
134,834,12.21,18.95,13.74,5.21,18.95,-0.0
134,843,0.0,0.0,0.0,0.0,0.0,0.0
134,856,0.0,0.0,0.0,0.0,0.0,0.0
134,863,0.0,0.0,0.0,0.0,0.0,0.0
145,4,24.58,60.88,32.28,28.6,60.88,-0.0
145,6,10.34,18.45,14.13,4.32,18.45,-0.0
145,11,11.15,11.86,8.72,3.14,11.86,0.0
145,19,0.0,0.0,0.0,0.0,0.0,0.0
145,21,0.0,0.0,0.0,0.0,0.0,0.0
145,23,0.0,0.0,0.0,0.0,0.0,0.0
145,26,6.96,11.89,8.82,3.07,11.89,-0.0
145,30,0.0,0.0,0.0,0.0,0.0,0.0
145,38,0.0,0.0,0.0,0.0,0.0,0.0
145,41,12.03,21.05,12.92,8.14,21.05,-0.0
145,58,7.26,14.18,10.89,3.29,14.18,0.0
145,70,39.52,49.08,37.64,11.44,49.08,0.0
145,71,13.88,24.16,17.78,6.38,24.16,-0.0
145,74,0.0,0.0,0.0,0.0,0.0,0.0
145,76,20.45,18.06,12.32,5.73,18.06,-0.0
145,77,0.0,0.0,0.0,0.0,0.0,0.0
145,84,0.0,0.0,0.0,0.0,0.0,0.0
145,90,0.0,0.0,0.0,0.0,0.0,0.0
145,93,0.0,0.0,0.0,0.0,0.0,0.0
145,99,0.0,0.0,0.0,0.0,0.0,0.0
145,104,0.0,0.0,0.0,0.0,0.0,0.0
145,108,0.0,0.0,0.0,0.0,0.0,0.0
145,110,0.0,0.0,0.0,0.0,0.0,0.0
145,114,0.0,0.0,0.0,0.0,0.0,0.0
145,115,0.0,0.0,0.0,0.0,0.0,0.0
145,116,0.0,0.0,0.0,0.0,0.0,0.0
145,117,30.82,43.45,32.03,11.42,43.45,0.0
145,118,12.06,15.17,8.66,6.5,15.17,-0.0
145,119,32.05,25.45,19.13,6.32,25.45,-0.0
145,122,20.49,26.94,18.21,8.73,26.94,-0.0
145,126,0.0,0.0,0.0,0.0,0.0,0.0
145,127,0.0,0.0,0.0,0.0,0.0,0.0
145,129,8.53,17.85,10.11,7.74,17.85,0.0
145,136,0.0,0.0,0.0,0.0,0.0,0.0
145,140,0.0,0.0,0.0,0.0,0.0,0.0
145,143,0.0,0.0,0.0,0.0,0.0,0.0
145,144,13.97,29.67,23.88,5.79,29.67,-0.0
145,150,0.0,0.0,0.0,0.0,0.0,0.0
145,151,0.0,0.0,0.0,0.0,0.0,0.0
145,166,0.0,0.0,0.0,0.0,0.0,0.0
145,185,0.0,0.0,0.0,0.0,0.0,0.0
145,190,0.0,0.0,0.0,0.0,0.0,0.0
145,193,0.0,0.0,0.0,0.0,0.0,0.0
145,194,9.32,19.27,14.31,4.96,19.27,0.0
145,201,11.01,13.03,9.66,3.37,13.03,-0.0
145,207,10.57,14.18,11.05,3.13,14.18,0.0
145,212,0.0,0.0,0.0,0.0,0.0,0.0
145,214,0.0,0.0,0.0,0.0,0.0,0.0
145,215,29.23,47.74,37.62,10.12,47.74,-0.0
145,219,0.0,0.0,0.0,0.0,0.0,0.0
145,220,0.0,0.0,0.0,0.0,0.0,0.0
145,223,11.11,13.15,10.74,2.41,13.15,-0.0
145,226,0.0,0.0,0.0,0.0,0.0,0.0
145,228,0.0,0.0,0.0,0.0,0.0,0.0
145,240,0.0,0.0,0.0,0.0,0.0,0.0
145,250,0.0,0.0,0.0,0.0,0.0,0.0
145,253,0.0,0.0,0.0,0.0,0.0,0.0
145,290,0.0,0.0,0.0,0.0,0.0,0.0
145,291,8.02,12.33,8.78,3.55,12.33,-0.0
145,292,17.66,22.49,15.32,7.17,22.49,0.0
145,294,0.0,0.0,0.0,0.0,0.0,0.0
145,296,14.38,17.8,13.11,4.69,17.8,-0.0
145,300,26.94,80.85,59.81,21.04,80.85,-0.0
145,310,0.0,0.0,0.0,0.0,0.0,0.0
145,314,0.0,0.0,0.0,0.0,0.0,0.0
145,345,10.96,10.26,7.17,3.09,10.26,-0.0
145,351,0.0,0.0,0.0,0.0,0.0,0.0
145,363,11.32,12.89,8.64,4.25,12.89,0.0
145,370,0.0,0.0,0.0,0.0,0.0,0.0
145,379,0.0,0.0,0.0,0.0,0.0,0.0
145,381,0.0,0.0,0.0,0.0,0.0,0.0
145,387,0.0,0.0,0.0,0.0,0.0,0.0
145,396,0.0,0.0,0.0,0.0,0.0,0.0
145,397,0.0,0.0,0.0,0.0,0.0,0.0
145,411,8.13,18.81,13.18,5.63,18.81,-0.0
145,413,0.0,0.0,0.0,0.0,0.0,0.0
145,414,0.0,0.0,0.0,0.0,0.0,0.0
145,415,11.59,17.33,14.17,3.15,17.33,0.0
145,419,0.0,0.0,0.0,0.0,0.0,0.0
145,422,8.94,14.91,9.03,5.88,14.91,-0.0
145,426,0.0,0.0,0.0,0.0,0.0,0.0
145,439,0.0,0.0,0.0,0.0,0.0,0.0
145,453,0.0,0.0,0.0,0.0,0.0,0.0
145,467,0.0,0.0,0.0,0.0,0.0,0.0
145,468,0.0,0.0,0.0,0.0,0.0,0.0
145,478,0.0,0.0,0.0,0.0,0.0,0.0
145,481,30.87,37.67,30.15,7.52,37.67,-0.0
145,486,17.28,27.84,19.68,8.15,27.84,0.0
145,489,0.0,0.0,0.0,0.0,0.0,0.0
145,494,0.0,0.0,0.0,0.0,0.0,0.0
145,496,0.0,0.0,0.0,0.0,0.0,0.0
145,500,0.0,0.0,0.0,0.0,0.0,0.0
145,515,0.0,0.0,0.0,0.0,0.0,0.0
145,549,0.0,0.0,0.0,0.0,0.0,0.0
145,554,2.95,12.99,9.68,3.31,12.99,0.0
145,567,14.38,12.3,8.28,4.02,12.3,0.0
145,578,6.65,14.13,10.81,3.32,14.13,-0.0
145,580,34.91,47.16,35.82,11.35,47.16,-0.0
145,596,20.79,33.01,24.43,8.58,33.01,-0.0
145,599,0.0,0.0,0.0,0.0,0.0,0.0
145,600,0.0,0.0,0.0,0.0,0.0,0.0
145,629,0.0,0.0,0.0,0.0,0.0,0.0
145,631,11.31,14.79,11.25,3.54,14.79,0.0
145,634,0.0,0.0,0.0,0.0,0.0,0.0
145,635,9.41,9.54,5.55,3.99,9.54,0.0
145,638,6.21,12.69,8.69,4.0,12.69,0.0
145,644,4.08,17.72,12.82,4.9,17.72,-0.0
145,662,0.0,0.0,0.0,0.0,0.0,0.0
145,666,0.0,0.0,0.0,0.0,0.0,0.0
145,670,0.0,0.0,0.0,0.0,0.0,0.0
145,672,0.0,0.0,0.0,0.0,0.0,0.0
145,682,0.0,0.0,0.0,0.0,0.0,0.0
145,684,7.58,10.45,6.39,4.06,10.45,0.0
145,686,8.58,8.16,5.24,2.92,8.16,-0.0
145,688,0.0,0.0,0.0,0.0,0.0,0.0
145,691,65.4,66.99,53.76,13.23,66.99,-0.0
145,694,0.0,0.0,0.0,0.0,0.0,0.0
145,699,0.0,0.0,0.0,0.0,0.0,0.0
145,707,0.0,0.0,0.0,0.0,0.0,0.0
145,715,0.0,0.0,0.0,0.0,0.0,0.0
145,719,0.0,0.0,0.0,0.0,0.0,0.0
145,729,0.0,0.0,0.0,0.0,0.0,0.0
145,740,0.0,0.0,0.0,0.0,0.0,0.0
145,763,0.0,0.0,0.0,0.0,0.0,0.0
145,764,0.0,0.0,0.0,0.0,0.0,0.0
145,769,11.52,12.54,9.46,3.08,12.54,-0.0
145,774,6.63,14.29,10.54,3.75,14.29,-0.0
145,775,17.49,26.51,21.01,5.5,26.51,-0.0
145,783,7.41,17.57,12.68,4.89,17.57,-0.0
145,796,0.0,0.0,0.0,0.0,0.0,0.0
145,802,22.81,27.69,13.06,14.63,27.69,-0.0
145,804,12.67,20.83,16.06,4.78,20.83,0.0
145,806,0.0,0.0,0.0,0.0,0.0,0.0
145,810,0.0,0.0,0.0,0.0,0.0,0.0
145,829,0.0,0.0,0.0,0.0,0.0,0.0
145,834,10.94,33.45,25.12,8.33,33.45,0.0
145,843,0.0,0.0,0.0,0.0,0.0,0.0
145,856,0.0,0.0,0.0,0.0,0.0,0.0
145,863,0.0,0.0,0.0,0.0,0.0,0.0
147,4,48.19,45.94,19.45,26.49,45.94,0.0
147,6,10.1,19.77,15.08,4.69,19.77,-0.0
147,11,0.0,0.0,0.0,0.0,0.0,0.0
147,19,0.0,0.0,0.0,0.0,0.0,0.0
147,21,7.15,13.29,10.2,3.09,13.29,0.0
147,23,3.94,12.39,8.73,3.67,12.39,-0.0
147,26,4.24,6.07,3.67,2.4,6.07,0.0
147,30,0.0,0.0,0.0,0.0,0.0,0.0
147,38,0.0,0.0,0.0,0.0,0.0,0.0
147,41,9.99,14.75,9.48,5.28,14.75,-0.0
147,58,0.0,0.0,0.0,0.0,0.0,0.0
147,70,40.79,58.01,44.9,13.11,58.01,0.0
147,71,0.0,0.0,0.0,0.0,0.0,0.0
147,74,0.0,0.0,0.0,0.0,0.0,0.0
147,76,0.0,0.0,0.0,0.0,0.0,0.0
147,77,0.0,0.0,0.0,0.0,0.0,0.0
147,84,0.0,0.0,0.0,0.0,0.0,0.0
147,90,0.0,0.0,0.0,0.0,0.0,0.0
147,93,0.0,0.0,0.0,0.0,0.0,0.0
147,99,3.82,9.05,6.87,2.18,9.05,-0.0
147,104,25.21,45.66,35.73,9.93,45.66,0.0
147,108,0.0,0.0,0.0,0.0,0.0,0.0
147,110,0.0,0.0,0.0,0.0,0.0,0.0
147,114,0.0,0.0,0.0,0.0,0.0,0.0
147,115,0.0,0.0,0.0,0.0,0.0,0.0
147,116,0.0,0.0,0.0,0.0,0.0,0.0
147,117,65.13,57.64,42.63,15.01,57.64,0.0
147,118,15.07,15.4,8.58,6.82,15.4,-0.0
147,119,17.81,25.25,17.7,7.56,25.25,0.0
147,122,16.51,21.83,15.33,6.5,21.83,0.0
147,126,0.0,0.0,0.0,0.0,0.0,0.0
147,127,9.23,14.82,11.85,2.98,14.82,-0.0
147,129,8.02,18.04,10.14,7.9,18.04,-0.0
147,136,0.0,0.0,0.0,0.0,0.0,0.0
147,140,5.54,11.93,9.39,2.54,11.93,0.0
147,143,0.0,0.0,0.0,0.0,0.0,0.0
147,144,0.0,0.0,0.0,0.0,0.0,0.0
147,150,8.39,9.42,6.86,2.56,9.42,0.0
147,151,0.0,0.0,0.0,0.0,0.0,0.0
147,166,0.0,0.0,0.0,0.0,0.0,0.0
147,185,0.0,0.0,0.0,0.0,0.0,0.0
147,190,0.0,0.0,0.0,0.0,0.0,0.0
147,193,0.0,0.0,0.0,0.0,0.0,0.0
147,194,0.0,0.0,0.0,0.0,0.0,0.0
147,201,9.69,12.13,9.19,2.94,12.13,-0.0
147,207,12.78,12.84,9.75,3.09,12.84,0.0
147,212,0.0,0.0,0.0,0.0,0.0,0.0
147,214,0.0,0.0,0.0,0.0,0.0,0.0
147,215,47.76,50.21,39.56,10.65,50.21,0.0
147,219,4.81,8.06,5.32,2.74,8.06,0.0
147,220,0.0,0.0,0.0,0.0,0.0,0.0
147,223,11.74,14.98,11.95,3.03,14.98,0.0
147,226,0.0,0.0,0.0,0.0,0.0,0.0
147,228,0.0,0.0,0.0,0.0,0.0,0.0
147,240,0.0,0.0,0.0,0.0,0.0,0.0
147,250,0.0,0.0,0.0,0.0,0.0,0.0
147,253,0.0,0.0,0.0,0.0,0.0,0.0
147,290,7.45,10.38,8.06,2.32,10.38,-0.0
147,291,6.55,6.55,4.09,2.46,6.55,0.0
147,292,0.0,0.0,0.0,0.0,0.0,0.0
147,294,0.0,0.0,0.0,0.0,0.0,0.0
147,296,9.7,15.13,12.28,2.86,15.13,-0.0
147,300,36.4,50.01,32.5,17.51,50.01,0.0
147,310,0.0,0.0,0.0,0.0,0.0,0.0
147,314,0.0,0.0,0.0,0.0,0.0,0.0
147,345,0.0,0.0,0.0,0.0,0.0,0.0
147,351,0.0,0.0,0.0,0.0,0.0,0.0
147,363,6.67,11.69,8.23,3.46,11.69,-0.0
147,370,0.0,0.0,0.0,0.0,0.0,0.0
147,379,0.0,0.0,0.0,0.0,0.0,0.0
147,381,0.0,0.0,0.0,0.0,0.0,0.0
147,387,7.76,9.45,6.02,3.44,9.45,0.0
147,396,0.0,0.0,0.0,0.0,0.0,0.0
147,397,0.0,0.0,0.0,0.0,0.0,0.0
147,411,0.0,0.0,0.0,0.0,0.0,0.0
147,413,0.0,0.0,0.0,0.0,0.0,0.0
147,414,0.0,0.0,0.0,0.0,0.0,0.0
147,415,0.0,0.0,0.0,0.0,0.0,0.0
147,419,0.0,0.0,0.0,0.0,0.0,0.0
147,422,6.31,11.37,6.75,4.63,11.37,0.0
147,426,0.0,0.0,0.0,0.0,0.0,0.0
147,439,0.0,0.0,0.0,0.0,0.0,0.0
147,453,0.0,0.0,0.0,0.0,0.0,0.0
147,467,0.0,0.0,0.0,0.0,0.0,0.0
147,468,0.0,0.0,0.0,0.0,0.0,0.0
147,478,5.85,10.05,7.85,2.2,10.05,0.0
147,481,0.0,0.0,0.0,0.0,0.0,0.0
147,486,24.8,26.67,20.74,5.94,26.67,-0.0
147,489,10.08,14.05,10.28,3.77,14.05,-0.0
147,494,0.0,0.0,0.0,0.0,0.0,0.0
147,496,0.0,0.0,0.0,0.0,0.0,0.0
147,500,8.48,12.96,7.83,5.13,12.96,0.0
147,515,0.0,0.0,0.0,0.0,0.0,0.0
147,549,0.0,0.0,0.0,0.0,0.0,0.0
147,554,8.84,15.05,11.5,3.55,15.05,0.0
147,567,9.64,11.69,8.31,3.38,11.69,-0.0
147,578,7.91,11.54,8.87,2.67,11.54,0.0
147,580,23.47,27.62,20.94,6.68,27.62,-0.0
147,596,9.64,16.43,11.03,5.41,16.43,-0.0
147,599,0.0,0.0,0.0,0.0,0.0,0.0
147,600,0.0,0.0,0.0,0.0,0.0,0.0
147,629,0.0,0.0,0.0,0.0,0.0,0.0
147,631,7.29,11.45,8.63,2.82,11.45,0.0
147,634,0.0,0.0,0.0,0.0,0.0,0.0
147,635,0.0,0.0,0.0,0.0,0.0,0.0
147,638,8.11,11.94,9.46,2.49,11.94,0.0
147,644,0.0,0.0,0.0,0.0,0.0,0.0
147,662,0.0,0.0,0.0,0.0,0.0,0.0
147,666,0.0,0.0,0.0,0.0,0.0,0.0
147,670,0.0,0.0,0.0,0.0,0.0,0.0
147,672,0.0,0.0,0.0,0.0,0.0,0.0
147,682,9.37,7.38,4.32,3.06,7.38,-0.0
147,684,0.0,0.0,0.0,0.0,0.0,0.0
147,686,0.0,0.0,0.0,0.0,0.0,0.0
147,688,0.0,0.0,0.0,0.0,0.0,0.0
147,691,33.32,57.6,43.46,14.14,57.6,0.0
147,694,0.0,0.0,0.0,0.0,0.0,0.0
147,699,0.0,0.0,0.0,0.0,0.0,0.0
147,707,0.0,0.0,0.0,0.0,0.0,0.0
147,715,4.2,9.58,6.93,2.65,9.58,0.0
147,719,0.0,0.0,0.0,0.0,0.0,0.0
147,729,0.0,0.0,0.0,0.0,0.0,0.0
147,740,8.54,9.14,6.41,2.73,9.14,0.0
147,763,0.0,0.0,0.0,0.0,0.0,0.0
147,764,0.0,0.0,0.0,0.0,0.0,0.0
147,769,15.82,14.44,10.94,3.51,14.44,0.0
147,774,5.43,11.08,7.72,3.36,11.08,-0.0
147,775,6.18,22.52,17.48,5.04,22.52,0.0
147,783,7.87,12.27,9.17,3.1,12.27,0.0
147,796,0.0,0.0,0.0,0.0,0.0,0.0
147,802,0.0,0.0,0.0,0.0,0.0,0.0
147,804,0.0,0.0,0.0,0.0,0.0,0.0
147,806,0.0,0.0,0.0,0.0,0.0,0.0
147,810,13.87,16.29,12.01,4.28,16.29,0.0
147,829,0.0,0.0,0.0,0.0,0.0,0.0
147,834,12.01,31.64,23.95,7.69,31.64,0.0
147,843,0.0,0.0,0.0,0.0,0.0,0.0
147,856,0.0,0.0,0.0,0.0,0.0,0.0
147,863,0.0,0.0,0.0,0.0,0.0,0.0
151,4,14.3,29.71,13.41,16.3,29.71,0.0
151,6,0.0,0.0,0.0,0.0,0.0,0.0
151,11,0.0,0.0,0.0,0.0,0.0,0.0
151,19,21.43,22.99,16.78,6.21,22.99,0.0
151,21,9.19,10.98,7.86,3.12,10.98,-0.0
151,23,0.0,0.0,0.0,0.0,0.0,0.0
151,26,0.0,0.0,0.0,0.0,0.0,0.0
151,30,0.0,0.0,0.0,0.0,0.0,0.0
151,38,0.0,0.0,0.0,0.0,0.0,0.0
151,41,0.0,0.0,0.0,0.0,0.0,0.0
151,58,0.0,0.0,0.0,0.0,0.0,0.0
151,70,29.19,43.67,32.33,11.34,43.67,-0.0
151,71,13.3,17.65,13.54,4.1,17.65,-0.0
151,74,0.0,0.0,0.0,0.0,0.0,0.0
151,76,0.0,0.0,0.0,0.0,0.0,0.0
151,77,7.87,14.73,11.33,3.4,14.73,0.0
151,84,0.0,0.0,0.0,0.0,0.0,0.0
151,90,6.44,16.56,10.68,5.87,16.56,-0.0
151,93,0.0,0.0,0.0,0.0,0.0,0.0
151,99,8.65,13.91,10.45,3.47,13.91,-0.0
151,104,8.42,41.98,32.7,9.28,41.98,-0.0
151,108,3.73,8.49,5.37,3.12,8.49,0.0
151,110,7.93,9.14,6.57,2.57,9.14,-0.0
151,114,0.0,0.0,0.0,0.0,0.0,0.0
151,115,0.0,0.0,0.0,0.0,0.0,0.0
151,116,0.0,0.0,0.0,0.0,0.0,0.0
151,117,33.25,54.73,41.69,13.04,54.73,0.0
151,118,22.67,13.18,6.93,6.25,13.18,-0.0
151,119,0.0,0.0,0.0,0.0,0.0,0.0
151,122,7.36,18.05,10.97,7.09,18.05,0.0
151,126,0.0,0.0,0.0,0.0,0.0,0.0
151,127,5.44,9.73,6.5,3.22,9.73,-0.0
151,129,0.0,0.0,0.0,0.0,0.0,0.0
151,136,0.0,0.0,0.0,0.0,0.0,0.0
151,140,0.0,0.0,0.0,0.0,0.0,0.0
151,143,0.0,0.0,0.0,0.0,0.0,0.0
151,144,0.0,0.0,0.0,0.0,0.0,0.0
151,150,0.0,0.0,0.0,0.0,0.0,0.0
151,151,0.0,0.0,0.0,0.0,0.0,0.0
151,166,6.3,32.45,26.07,6.38,32.45,0.0
151,185,0.0,0.0,0.0,0.0,0.0,0.0
151,190,7.82,12.34,9.22,3.12,12.34,0.0
151,193,0.0,0.0,0.0,0.0,0.0,0.0
151,194,0.0,0.0,0.0,0.0,0.0,0.0
151,201,14.54,21.3,16.91,4.39,21.3,0.0
151,207,9.2,14.93,10.12,4.81,14.93,0.0
151,212,0.0,0.0,0.0,0.0,0.0,0.0
151,214,9.68,10.86,7.81,3.05,10.86,-0.0
151,215,23.29,42.97,31.85,11.12,42.97,-0.0
151,219,10.73,11.65,8.24,3.4,11.65,0.0
151,220,0.0,0.0,0.0,0.0,0.0,0.0
151,223,6.07,13.95,11.25,2.7,13.95,0.0
151,226,0.0,0.0,0.0,0.0,0.0,0.0
151,228,0.0,0.0,0.0,0.0,0.0,0.0
151,240,14.23,20.17,15.16,5.01,20.17,-0.0
151,250,0.0,0.0,0.0,0.0,0.0,0.0
151,253,0.0,0.0,0.0,0.0,0.0,0.0
151,290,0.0,0.0,0.0,0.0,0.0,0.0
151,291,0.0,0.0,0.0,0.0,0.0,0.0
151,292,18.78,16.54,12.42,4.12,16.54,-0.0
151,294,0.0,0.0,0.0,0.0,0.0,0.0
151,296,0.0,0.0,0.0,0.0,0.0,0.0
151,300,56.33,82.13,62.61,19.51,82.13,-0.0
151,310,0.0,0.0,0.0,0.0,0.0,0.0
151,314,0.0,0.0,0.0,0.0,0.0,0.0
151,345,0.0,0.0,0.0,0.0,0.0,0.0
151,351,0.0,0.0,0.0,0.0,0.0,0.0
151,363,0.0,0.0,0.0,0.0,0.0,0.0
151,370,0.0,0.0,0.0,0.0,0.0,0.0
151,379,0.0,0.0,0.0,0.0,0.0,0.0
151,381,0.0,0.0,0.0,0.0,0.0,0.0
151,387,0.0,0.0,0.0,0.0,0.0,0.0
151,396,0.0,0.0,0.0,0.0,0.0,0.0
151,397,0.0,0.0,0.0,0.0,0.0,0.0
151,411,0.0,0.0,0.0,0.0,0.0,0.0
151,413,0.0,0.0,0.0,0.0,0.0,0.0
151,414,0.0,0.0,0.0,0.0,0.0,0.0
151,415,0.0,0.0,0.0,0.0,0.0,0.0
151,419,0.0,0.0,0.0,0.0,0.0,0.0
151,422,9.41,13.14,8.04,5.1,13.14,0.0
151,426,0.0,0.0,0.0,0.0,0.0,0.0
151,439,0.0,0.0,0.0,0.0,0.0,0.0
151,453,0.0,0.0,0.0,0.0,0.0,0.0
151,467,0.0,0.0,0.0,0.0,0.0,0.0
151,468,7.51,14.84,9.17,5.66,14.84,-0.0
151,478,0.0,0.0,0.0,0.0,0.0,0.0
151,481,21.25,21.84,16.82,5.02,21.84,0.0
151,486,16.2,25.8,19.16,6.64,25.8,0.0
151,489,0.0,0.0,0.0,0.0,0.0,0.0
151,494,0.0,0.0,0.0,0.0,0.0,0.0
151,496,0.0,0.0,0.0,0.0,0.0,0.0
151,500,9.74,14.13,8.44,5.7,14.13,-0.0
151,515,0.0,0.0,0.0,0.0,0.0,0.0
151,549,12.4,21.03,15.11,5.92,21.03,-0.0
151,554,12.9,18.11,13.4,4.71,18.11,-0.0
151,567,8.09,10.1,7.71,2.39,10.1,0.0
151,578,4.12,13.73,10.64,3.09,13.73,0.0
151,580,14.16,22.81,17.22,5.58,22.81,0.0
151,596,15.61,19.47,13.58,5.88,19.47,-0.0
151,599,0.0,0.0,0.0,0.0,0.0,0.0
151,600,15.24,21.93,15.42,6.51,21.93,-0.0
151,629,0.0,0.0,0.0,0.0,0.0,0.0
151,631,8.78,9.24,7.04,2.2,9.24,0.0
151,634,0.0,0.0,0.0,0.0,0.0,0.0
151,635,9.0,13.93,9.44,4.49,13.93,-0.0
151,638,8.72,11.34,8.61,2.73,11.34,0.0
151,644,0.0,0.0,0.0,0.0,0.0,0.0
151,662,0.0,0.0,0.0,0.0,0.0,0.0
151,666,17.48,19.51,15.65,3.86,19.51,-0.0
151,670,0.0,0.0,0.0,0.0,0.0,0.0
151,672,0.0,0.0,0.0,0.0,0.0,0.0
151,682,0.0,0.0,0.0,0.0,0.0,0.0
151,684,0.0,0.0,0.0,0.0,0.0,0.0
151,686,0.0,0.0,0.0,0.0,0.0,0.0
151,688,0.0,0.0,0.0,0.0,0.0,0.0
151,691,31.71,42.16,32.21,9.95,42.16,-0.0
151,694,0.0,0.0,0.0,0.0,0.0,0.0
151,699,0.0,0.0,0.0,0.0,0.0,0.0
151,707,0.0,0.0,0.0,0.0,0.0,0.0
151,715,0.0,0.0,0.0,0.0,0.0,0.0
151,719,0.0,0.0,0.0,0.0,0.0,0.0
151,729,0.0,0.0,0.0,0.0,0.0,0.0
151,740,0.0,0.0,0.0,0.0,0.0,0.0
151,763,7.59,12.73,9.74,2.99,12.73,-0.0
151,764,0.0,0.0,0.0,0.0,0.0,0.0
151,769,13.18,11.67,8.15,3.52,11.67,0.0
151,774,0.0,0.0,0.0,0.0,0.0,0.0
151,775,17.91,21.07,16.11,4.96,21.07,-0.0
151,783,9.47,16.34,11.93,4.41,16.34,-0.0
151,796,13.79,36.69,28.25,8.44,36.69,0.0
151,802,0.0,0.0,0.0,0.0,0.0,0.0
151,804,0.0,0.0,0.0,0.0,0.0,0.0
151,806,0.0,0.0,0.0,0.0,0.0,0.0
151,810,12.09,22.28,16.82,5.46,22.28,-0.0
151,829,0.0,0.0,0.0,0.0,0.0,0.0
151,834,9.66,17.31,13.03,4.28,17.31,-0.0
151,843,0.0,0.0,0.0,0.0,0.0,0.0
151,856,0.0,0.0,0.0,0.0,0.0,0.0
151,863,0.0,0.0,0.0,0.0,0.0,0.0
154,4,42.39,52.87,24.45,28.42,52.87,0.0
154,6,9.76,18.45,14.25,4.2,18.45,0.0
154,11,6.31,10.53,7.67,2.86,10.53,0.0
154,19,16.16,21.14,14.97,6.17,21.14,0.0
154,21,7.42,14.87,12.03,2.84,14.87,0.0
154,23,0.0,0.0,0.0,0.0,0.0,0.0
154,26,5.93,9.42,5.68,3.75,9.42,-0.0
154,30,0.0,0.0,0.0,0.0,0.0,0.0
154,38,0.0,0.0,0.0,0.0,0.0,0.0
154,41,13.16,21.24,13.72,7.52,21.24,0.0
154,58,10.56,13.09,9.73,3.36,13.09,-0.0
154,70,56.09,55.69,41.15,14.54,55.69,0.0
154,71,0.0,0.0,0.0,0.0,0.0,0.0
154,74,0.0,0.0,0.0,0.0,0.0,0.0
154,76,0.0,0.0,0.0,0.0,0.0,0.0
154,77,8.42,8.13,5.01,3.12,8.13,0.0
154,84,0.0,0.0,0.0,0.0,0.0,0.0
154,90,0.0,0.0,0.0,0.0,0.0,0.0
154,93,0.0,0.0,0.0,0.0,0.0,0.0
154,99,0.0,0.0,0.0,0.0,0.0,0.0
154,104,24.16,60.38,49.7,10.68,60.38,-0.0
154,108,0.0,0.0,0.0,0.0,0.0,0.0
154,110,0.0,0.0,0.0,0.0,0.0,0.0
154,114,0.0,0.0,0.0,0.0,0.0,0.0
154,115,0.0,0.0,0.0,0.0,0.0,0.0
154,116,0.0,0.0,0.0,0.0,0.0,0.0
154,117,0.0,0.0,0.0,0.0,0.0,0.0
154,118,18.18,20.62,12.42,8.2,20.62,-0.0
154,119,0.0,0.0,0.0,0.0,0.0,0.0
154,122,16.87,24.63,18.74,5.89,24.63,-0.0
154,126,0.0,0.0,0.0,0.0,0.0,0.0
154,127,8.75,11.64,8.59,3.05,11.64,-0.0
154,129,6.3,22.6,11.33,11.26,22.6,0.0
154,136,0.0,0.0,0.0,0.0,0.0,0.0
154,140,0.0,0.0,0.0,0.0,0.0,0.0
154,143,0.0,0.0,0.0,0.0,0.0,0.0
154,144,0.0,0.0,0.0,0.0,0.0,0.0
154,150,0.0,0.0,0.0,0.0,0.0,0.0
154,151,0.0,0.0,0.0,0.0,0.0,0.0
154,166,0.0,0.0,0.0,0.0,0.0,0.0
154,185,0.0,0.0,0.0,0.0,0.0,0.0
154,190,0.0,0.0,0.0,0.0,0.0,0.0
154,193,0.0,0.0,0.0,0.0,0.0,0.0
154,194,0.0,0.0,0.0,0.0,0.0,0.0
154,201,0.0,0.0,0.0,0.0,0.0,0.0
154,207,11.41,13.74,10.06,3.69,13.74,0.0
154,212,0.0,0.0,0.0,0.0,0.0,0.0
154,214,0.0,0.0,0.0,0.0,0.0,0.0
154,215,44.17,55.41,43.88,11.53,55.41,-0.0
154,219,0.0,0.0,0.0,0.0,0.0,0.0
154,220,0.0,0.0,0.0,0.0,0.0,0.0
154,223,0.0,0.0,0.0,0.0,0.0,0.0
154,226,0.0,0.0,0.0,0.0,0.0,0.0
154,228,0.0,0.0,0.0,0.0,0.0,0.0
154,240,0.0,0.0,0.0,0.0,0.0,0.0
154,250,0.0,0.0,0.0,0.0,0.0,0.0
154,253,0.0,0.0,0.0,0.0,0.0,0.0
154,290,11.47,12.98,9.96,3.02,12.98,0.0
154,291,10.92,13.36,10.08,3.28,13.36,0.0
154,292,19.13,31.53,24.99,6.54,31.53,-0.0
154,294,0.0,0.0,0.0,0.0,0.0,0.0
154,296,16.41,13.99,10.58,3.41,13.99,0.0
154,300,67.16,85.07,63.35,21.72,85.07,-0.0
154,310,9.93,12.64,9.22,3.42,12.64,-0.0
154,314,0.0,0.0,0.0,0.0,0.0,0.0
154,345,3.68,11.12,8.14,2.98,11.12,-0.0
154,351,0.0,0.0,0.0,0.0,0.0,0.0
154,363,11.94,15.19,9.84,5.34,15.19,0.0
154,370,0.0,0.0,0.0,0.0,0.0,0.0
154,379,0.0,0.0,0.0,0.0,0.0,0.0
154,381,0.0,0.0,0.0,0.0,0.0,0.0
154,387,0.0,0.0,0.0,0.0,0.0,0.0
154,396,0.0,0.0,0.0,0.0,0.0,0.0
154,397,0.0,0.0,0.0,0.0,0.0,0.0
154,411,0.0,0.0,0.0,0.0,0.0,0.0
154,413,0.0,0.0,0.0,0.0,0.0,0.0
154,414,0.0,0.0,0.0,0.0,0.0,0.0
154,415,0.0,0.0,0.0,0.0,0.0,0.0
154,419,0.0,0.0,0.0,0.0,0.0,0.0
154,422,12.82,16.38,11.25,5.14,16.38,-0.0
154,426,18.71,18.03,11.92,6.11,18.03,0.0
154,439,0.0,0.0,0.0,0.0,0.0,0.0
154,453,9.62,7.79,3.52,3.25,6.76,1.03
154,467,0.0,0.0,0.0,0.0,0.0,0.0
154,468,0.0,0.0,0.0,0.0,0.0,0.0
154,478,0.0,0.0,0.0,0.0,0.0,0.0
154,481,0.0,0.0,0.0,0.0,0.0,0.0
154,486,23.86,32.29,24.01,8.28,32.29,-0.0
154,489,8.32,10.72,6.84,3.87,10.72,0.0
154,494,0.0,0.0,0.0,0.0,0.0,0.0
154,496,0.0,0.0,0.0,0.0,0.0,0.0
154,500,11.14,11.5,5.38,6.12,11.5,-0.0
154,515,0.0,0.0,0.0,0.0,0.0,0.0
154,549,0.0,0.0,0.0,0.0,0.0,0.0
154,554,9.19,14.76,11.66,3.1,14.76,-0.0
154,567,18.92,15.98,11.81,4.17,15.98,0.0
154,578,10.25,14.08,11.05,3.03,14.08,-0.0
154,580,19.2,29.93,24.55,5.38,29.93,-0.0
154,596,9.04,15.28,11.0,4.27,15.28,-0.0
154,599,0.0,0.0,0.0,0.0,0.0,0.0
154,600,9.9,15.76,11.33,4.43,15.76,0.0
154,629,0.0,0.0,0.0,0.0,0.0,0.0
154,631,14.38,13.91,10.68,3.23,13.91,0.0
154,634,3.98,8.62,6.29,2.33,8.62,0.0
154,635,9.74,11.41,7.63,3.78,11.41,-0.0
154,638,11.75,15.7,12.31,3.39,15.7,-0.0
154,644,10.68,15.25,10.58,4.67,15.25,-0.0
154,662,0.0,0.0,0.0,0.0,0.0,0.0
154,666,0.0,0.0,0.0,0.0,0.0,0.0
154,670,0.0,0.0,0.0,0.0,0.0,0.0
154,672,0.0,0.0,0.0,0.0,0.0,0.0
154,682,0.0,0.0,0.0,0.0,0.0,0.0
154,684,0.0,0.0,0.0,0.0,0.0,0.0
154,686,13.92,13.94,10.76,3.17,13.94,-0.0
154,688,0.0,0.0,0.0,0.0,0.0,0.0
154,691,65.39,56.78,41.81,14.97,56.78,-0.0
154,694,0.0,0.0,0.0,0.0,0.0,0.0
154,699,0.0,0.0,0.0,0.0,0.0,0.0
154,707,11.5,11.5,5.68,3.21,8.89,2.61
154,715,0.0,0.0,0.0,0.0,0.0,0.0
154,719,0.0,0.0,0.0,0.0,0.0,0.0
154,729,0.0,0.0,0.0,0.0,0.0,0.0
154,740,0.0,0.0,0.0,0.0,0.0,0.0
154,763,0.0,0.0,0.0,0.0,0.0,0.0
154,764,0.0,0.0,0.0,0.0,0.0,0.0
154,769,0.0,0.0,0.0,0.0,0.0,0.0
154,774,8.13,9.57,5.88,3.69,9.57,-0.0
154,775,27.83,26.79,21.29,5.5,26.79,-0.0
154,783,15.69,20.9,15.11,5.8,20.9,0.0
154,796,0.0,0.0,0.0,0.0,0.0,0.0
154,802,15.86,31.82,20.99,10.83,31.82,-0.0
154,804,0.0,0.0,0.0,0.0,0.0,0.0
154,806,0.0,0.0,0.0,0.0,0.0,0.0
154,810,0.0,0.0,0.0,0.0,0.0,0.0
154,829,0.0,0.0,0.0,0.0,0.0,0.0
154,834,10.27,14.57,8.58,6.0,14.57,-0.0
154,843,0.0,0.0,0.0,0.0,0.0,0.0
154,856,0.0,0.0,0.0,0.0,0.0,0.0
154,863,0.0,0.0,0.0,0.0,0.0,0.0
181,4,17.3,29.6,14.11,15.49,29.6,0.0
181,6,9.08,12.96,9.6,3.36,12.96,0.0
181,11,7.79,8.94,6.85,2.09,8.94,-0.0
181,19,13.62,18.13,13.21,4.92,18.13,-0.0
181,21,8.13,10.77,8.42,2.35,10.77,0.0
181,23,0.0,0.0,0.0,0.0,0.0,0.0
181,26,3.82,7.58,5.46,2.12,7.58,0.0
181,30,0.0,0.0,0.0,0.0,0.0,0.0
181,38,0.0,0.0,0.0,0.0,0.0,0.0
181,41,14.61,18.52,13.09,5.43,18.52,-0.0
181,58,0.0,0.0,0.0,0.0,0.0,0.0
181,70,27.92,35.28,25.98,9.29,35.28,0.0
181,71,0.0,0.0,0.0,0.0,0.0,0.0
181,74,0.0,0.0,0.0,0.0,0.0,0.0
181,76,10.35,19.74,14.37,5.38,19.74,-0.0
181,77,4.02,8.4,5.73,2.68,8.4,-0.0
181,84,0.0,0.0,0.0,0.0,0.0,0.0
181,90,0.0,0.0,0.0,0.0,0.0,0.0
181,93,0.0,0.0,0.0,0.0,0.0,0.0
181,99,0.0,0.0,0.0,0.0,0.0,0.0
181,104,11.31,35.8,27.9,7.9,35.8,0.0
181,108,0.0,0.0,0.0,0.0,0.0,0.0
181,110,0.0,0.0,0.0,0.0,0.0,0.0
181,114,14.64,17.73,12.27,5.47,17.73,0.0
181,115,0.0,0.0,0.0,0.0,0.0,0.0
181,116,0.0,0.0,0.0,0.0,0.0,0.0
181,117,27.59,44.22,34.27,9.95,44.22,0.0
181,118,15.71,13.7,7.42,6.28,13.7,-0.0
181,119,0.0,0.0,0.0,0.0,0.0,0.0
181,122,7.3,21.82,15.7,6.12,21.82,0.0
181,126,0.0,0.0,0.0,0.0,0.0,0.0
181,127,8.29,9.16,6.66,2.5,9.16,-0.0
181,129,8.25,23.12,16.51,6.61,23.12,-0.0
181,136,0.0,0.0,0.0,0.0,0.0,0.0
181,140,1.36,8.14,6.07,2.06,8.14,-0.0
181,143,0.0,0.0,0.0,0.0,0.0,0.0
181,144,0.0,0.0,0.0,0.0,0.0,0.0
181,150,0.0,0.0,0.0,0.0,0.0,0.0
181,151,0.0,0.0,0.0,0.0,0.0,0.0
181,166,16.26,30.4,25.36,5.04,30.4,-0.0
181,185,0.0,0.0,0.0,0.0,0.0,0.0
181,190,6.63,9.19,6.59,2.6,9.19,0.0
181,193,0.0,0.0,0.0,0.0,0.0,0.0
181,194,0.0,0.0,0.0,0.0,0.0,0.0
181,201,0.0,0.0,0.0,0.0,0.0,0.0
181,207,13.96,12.73,9.06,3.68,12.73,0.0
181,212,0.0,0.0,0.0,0.0,0.0,0.0
181,214,2.92,6.37,3.39,2.98,6.37,-0.0
181,215,35.03,37.87,28.06,9.81,37.87,0.0
181,219,0.0,0.0,0.0,0.0,0.0,0.0
181,220,0.0,0.0,0.0,0.0,0.0,0.0
181,223,0.0,0.0,0.0,0.0,0.0,0.0
181,226,0.0,0.0,0.0,0.0,0.0,0.0
181,228,0.0,0.0,0.0,0.0,0.0,0.0
181,240,6.35,17.45,13.16,4.29,17.45,-0.0
181,250,0.0,0.0,0.0,0.0,0.0,0.0
181,253,0.0,0.0,0.0,0.0,0.0,0.0
181,290,0.0,0.0,0.0,0.0,0.0,0.0
181,291,0.0,0.0,0.0,0.0,0.0,0.0
181,292,6.89,9.93,6.25,3.67,9.93,-0.0
181,294,0.0,0.0,0.0,0.0,0.0,0.0
181,296,5.11,7.91,5.8,2.11,7.91,0.0
181,300,50.42,69.34,55.21,14.13,69.34,-0.0
181,310,0.0,0.0,0.0,0.0,0.0,0.0
181,314,0.0,0.0,0.0,0.0,0.0,0.0
181,345,0.0,0.0,0.0,0.0,0.0,0.0
181,351,0.0,0.0,0.0,0.0,0.0,0.0
181,363,0.0,0.0,0.0,0.0,0.0,0.0
181,370,0.0,0.0,0.0,0.0,0.0,0.0
181,379,0.0,0.0,0.0,0.0,0.0,0.0
181,381,0.0,0.0,0.0,0.0,0.0,0.0
181,387,0.0,0.0,0.0,0.0,0.0,0.0
181,396,0.0,0.0,0.0,0.0,0.0,0.0
181,397,0.0,0.0,0.0,0.0,0.0,0.0
181,411,0.0,0.0,0.0,0.0,0.0,0.0
181,413,0.0,0.0,0.0,0.0,0.0,0.0
181,414,0.0,0.0,0.0,0.0,0.0,0.0
181,415,0.0,0.0,0.0,0.0,0.0,0.0
181,419,0.0,0.0,0.0,0.0,0.0,0.0
181,422,9.46,12.91,7.57,5.33,12.91,0.0
181,426,0.0,0.0,0.0,0.0,0.0,0.0
181,439,0.0,0.0,0.0,0.0,0.0,0.0
181,453,0.0,0.0,0.0,0.0,0.0,0.0
181,467,0.0,0.0,0.0,0.0,0.0,0.0
181,468,0.0,0.0,0.0,0.0,0.0,0.0
181,478,0.0,0.0,0.0,0.0,0.0,0.0
181,481,19.71,18.45,14.23,4.22,18.45,-0.0
181,486,20.93,23.29,17.19,6.1,23.29,-0.0
181,489,0.0,0.0,0.0,0.0,0.0,0.0
181,494,0.0,0.0,0.0,0.0,0.0,0.0
181,496,0.0,0.0,0.0,0.0,0.0,0.0
181,500,8.26,13.91,9.27,4.64,13.91,0.0
181,515,0.0,0.0,0.0,0.0,0.0,0.0
181,549,0.0,0.0,0.0,0.0,0.0,0.0
181,554,6.06,14.76,11.19,3.57,14.76,-0.0
181,567,0.0,0.0,0.0,0.0,0.0,0.0
181,578,8.6,12.23,9.4,2.83,12.23,-0.0
181,580,17.67,23.33,18.23,5.09,23.33,-0.0
181,596,5.0,17.08,11.83,5.25,17.08,-0.0
181,599,0.0,0.0,0.0,0.0,0.0,0.0
181,600,15.22,15.21,10.34,4.87,15.21,-0.0
181,629,0.0,0.0,0.0,0.0,0.0,0.0
181,631,0.0,0.0,0.0,0.0,0.0,0.0
181,634,0.0,0.0,0.0,0.0,0.0,0.0
181,635,7.95,9.48,6.75,2.73,9.48,-0.0
181,638,5.04,7.95,5.23,2.72,7.95,0.0
181,644,0.0,0.0,0.0,0.0,0.0,0.0
181,662,0.0,0.0,0.0,0.0,0.0,0.0
181,666,0.0,0.0,0.0,0.0,0.0,0.0
181,670,0.0,0.0,0.0,0.0,0.0,0.0
181,672,5.6,9.31,6.09,3.22,9.31,-0.0
181,682,0.0,0.0,0.0,0.0,0.0,0.0
181,684,0.0,0.0,0.0,0.0,0.0,0.0
181,686,0.0,0.0,0.0,0.0,0.0,0.0
181,688,0.0,0.0,0.0,0.0,0.0,0.0
181,691,35.21,45.39,36.33,9.06,45.39,0.0
181,694,0.0,0.0,0.0,0.0,0.0,0.0
181,699,0.0,0.0,0.0,0.0,0.0,0.0
181,707,0.0,0.0,0.0,0.0,0.0,0.0
181,715,0.0,0.0,0.0,0.0,0.0,0.0
181,719,0.0,0.0,0.0,0.0,0.0,0.0
181,729,0.0,0.0,0.0,0.0,0.0,0.0
181,740,7.8,10.73,8.15,2.58,10.73,0.0
181,763,0.0,0.0,0.0,0.0,0.0,0.0
181,764,0.0,0.0,0.0,0.0,0.0,0.0
181,769,12.24,12.25,9.02,3.23,12.25,0.0
181,774,0.0,0.0,0.0,0.0,0.0,0.0
181,775,18.47,19.36,15.29,4.06,19.36,0.0
181,783,7.68,13.88,10.21,3.66,13.88,0.0
181,796,15.06,28.42,22.08,6.33,28.42,0.0
181,802,7.97,14.9,6.68,8.22,14.9,0.0
181,804,0.0,0.0,0.0,0.0,0.0,0.0
181,806,0.0,0.0,0.0,0.0,0.0,0.0
181,810,5.1,14.79,10.84,3.96,14.79,-0.0
181,829,0.0,0.0,0.0,0.0,0.0,0.0
181,834,1.31,13.51,9.55,3.96,13.51,-0.0
181,843,10.03,9.06,6.81,2.26,9.06,-0.0
181,856,4.82,9.35,5.26,4.09,9.35,-0.0
181,863,0.0,0.0,0.0,0.0,0.0,0.0
182,4,43.36,51.96,22.92,29.03,51.96,0.0
182,6,10.86,21.47,16.64,4.84,21.47,-0.0
182,11,8.37,10.73,7.6,3.13,10.73,0.0
182,19,16.56,20.33,14.03,6.3,20.33,-0.0
182,21,0.0,0.0,0.0,0.0,0.0,0.0
182,23,0.0,0.0,0.0,0.0,0.0,0.0
182,26,10.37,11.89,8.32,3.57,11.89,-0.0
182,30,0.0,0.0,0.0,0.0,0.0,0.0
182,38,0.0,0.0,0.0,0.0,0.0,0.0
182,41,13.52,25.03,17.51,7.53,25.03,0.0
182,58,0.0,0.0,0.0,0.0,0.0,0.0
182,70,42.05,56.11,43.49,12.63,56.11,-0.0
182,71,29.54,27.63,20.93,6.69,27.63,-0.0
182,74,0.0,0.0,0.0,0.0,0.0,0.0
182,76,12.93,20.11,14.47,5.64,20.11,-0.0
182,77,0.0,0.0,0.0,0.0,0.0,0.0
182,84,10.36,13.7,10.19,3.51,13.7,-0.0
182,90,0.0,0.0,0.0,0.0,0.0,0.0
182,93,0.0,0.0,0.0,0.0,0.0,0.0
182,99,0.0,0.0,0.0,0.0,0.0,0.0
182,104,0.0,0.0,0.0,0.0,0.0,0.0
182,108,0.0,0.0,0.0,0.0,0.0,0.0
182,110,0.0,0.0,0.0,0.0,0.0,0.0
182,114,0.0,0.0,0.0,0.0,0.0,0.0
182,115,0.0,0.0,0.0,0.0,0.0,0.0
182,116,16.55,13.39,6.28,7.09,13.37,0.02
182,117,30.03,49.89,35.01,14.88,49.89,0.0
182,118,22.79,17.52,9.45,8.07,17.52,0.0
182,119,41.16,41.16,23.88,9.87,33.75,7.42
182,122,20.71,30.29,21.3,8.99,30.29,0.0
182,126,0.0,0.0,0.0,0.0,0.0,0.0
182,127,11.21,12.96,9.65,3.31,12.96,0.0
182,129,0.0,0.0,0.0,0.0,0.0,0.0
182,136,0.0,0.0,0.0,0.0,0.0,0.0
182,140,0.0,0.0,0.0,0.0,0.0,0.0
182,143,23.98,33.58,29.12,4.46,33.58,-0.0
182,144,0.0,0.0,0.0,0.0,0.0,0.0
182,150,0.0,0.0,0.0,0.0,0.0,0.0
182,151,0.0,0.0,0.0,0.0,0.0,0.0
182,166,0.0,0.0,0.0,0.0,0.0,0.0
182,185,40.65,47.82,33.78,14.04,47.82,0.0
182,190,15.7,15.31,10.79,4.52,15.31,0.0
182,193,0.0,0.0,0.0,0.0,0.0,0.0
182,194,0.0,0.0,0.0,0.0,0.0,0.0
182,201,0.0,0.0,0.0,0.0,0.0,0.0
182,207,7.88,16.21,13.22,2.98,16.21,0.0
182,212,0.0,0.0,0.0,0.0,0.0,0.0
182,214,0.0,0.0,0.0,0.0,0.0,0.0
182,215,29.47,51.39,41.26,10.13,51.39,-0.0
182,219,0.0,0.0,0.0,0.0,0.0,0.0
182,220,0.0,0.0,0.0,0.0,0.0,0.0
182,223,0.0,0.0,0.0,0.0,0.0,0.0
182,226,0.0,0.0,0.0,0.0,0.0,0.0
182,228,0.0,0.0,0.0,0.0,0.0,0.0
182,240,0.0,0.0,0.0,0.0,0.0,0.0
182,250,0.0,0.0,0.0,0.0,0.0,0.0
182,253,0.0,0.0,0.0,0.0,0.0,0.0
182,290,0.0,0.0,0.0,0.0,0.0,0.0
182,291,13.73,10.67,7.82,2.85,10.67,-0.0
182,292,10.87,22.23,16.1,6.13,22.23,0.0
182,294,0.0,0.0,0.0,0.0,0.0,0.0
182,296,10.31,15.71,11.95,3.77,15.71,0.0
182,300,0.0,0.0,0.0,0.0,0.0,0.0
182,310,10.11,16.08,13.2,2.88,16.08,-0.0
182,314,0.0,0.0,0.0,0.0,0.0,0.0
182,345,0.0,0.0,0.0,0.0,0.0,0.0
182,351,0.0,0.0,0.0,0.0,0.0,0.0
182,363,0.0,0.0,0.0,0.0,0.0,0.0
182,370,0.0,0.0,0.0,0.0,0.0,0.0
182,379,0.0,0.0,0.0,0.0,0.0,0.0
182,381,0.0,0.0,0.0,0.0,0.0,0.0
182,387,9.56,18.59,13.94,4.65,18.59,-0.0
182,396,8.66,17.56,13.38,4.18,17.56,0.0
182,397,14.28,20.44,15.95,4.49,20.44,0.0
182,411,0.0,0.0,0.0,0.0,0.0,0.0
182,413,0.0,0.0,0.0,0.0,0.0,0.0
182,414,0.0,0.0,0.0,0.0,0.0,0.0
182,415,0.0,0.0,0.0,0.0,0.0,0.0
182,419,0.0,0.0,0.0,0.0,0.0,0.0
182,422,7.76,14.93,9.05,5.87,14.93,-0.0
182,426,13.71,23.43,16.55,6.88,23.43,-0.0
182,439,0.0,0.0,0.0,0.0,0.0,0.0
182,453,0.0,0.0,0.0,0.0,0.0,0.0
182,467,13.57,20.25,11.44,8.81,20.25,-0.0
182,468,0.0,0.0,0.0,0.0,0.0,0.0
182,478,8.45,10.54,8.04,2.5,10.54,0.0
182,481,17.67,31.63,26.1,5.53,31.63,0.0
182,486,27.78,28.23,20.54,7.69,28.23,-0.0
182,489,0.0,0.0,0.0,0.0,0.0,0.0
182,494,0.0,0.0,0.0,0.0,0.0,0.0
182,496,0.0,0.0,0.0,0.0,0.0,0.0
182,500,12.69,13.1,7.17,5.92,13.1,-0.0
182,515,6.6,11.31,9.03,2.29,11.31,-0.0
182,549,0.0,0.0,0.0,0.0,0.0,0.0
182,554,8.99,15.96,11.42,4.54,15.96,0.0
182,567,0.0,0.0,0.0,0.0,0.0,0.0
182,578,9.91,13.7,10.29,3.41,13.7,0.0
182,580,0.0,0.0,0.0,0.0,0.0,0.0
182,596,16.62,22.56,14.86,7.69,22.56,-0.0
182,599,0.0,0.0,0.0,0.0,0.0,0.0
182,600,16.69,15.39,9.72,5.67,15.39,0.0
182,629,0.0,0.0,0.0,0.0,0.0,0.0
182,631,14.49,13.82,10.72,3.1,13.82,0.0
182,634,0.0,0.0,0.0,0.0,0.0,0.0
182,635,0.0,0.0,0.0,0.0,0.0,0.0
182,638,7.66,13.02,9.89,3.13,13.02,0.0
182,644,11.51,17.09,12.12,4.98,17.09,-0.0
182,662,0.0,0.0,0.0,0.0,0.0,0.0
182,666,0.0,0.0,0.0,0.0,0.0,0.0
182,670,0.0,0.0,0.0,0.0,0.0,0.0
182,672,0.0,0.0,0.0,0.0,0.0,0.0
182,682,0.0,0.0,0.0,0.0,0.0,0.0
182,684,0.0,0.0,0.0,0.0,0.0,0.0
182,686,10.5,12.26,9.0,3.26,12.26,-0.0
182,688,0.0,0.0,0.0,0.0,0.0,0.0
182,691,0.0,0.0,0.0,0.0,0.0,0.0
182,694,0.0,0.0,0.0,0.0,0.0,0.0
182,699,0.0,0.0,0.0,0.0,0.0,0.0
182,707,0.0,0.0,0.0,0.0,0.0,0.0
182,715,0.0,0.0,0.0,0.0,0.0,0.0
182,719,0.0,0.0,0.0,0.0,0.0,0.0
182,729,0.0,0.0,0.0,0.0,0.0,0.0
182,740,8.47,18.38,14.21,4.16,18.38,0.0
182,763,0.0,0.0,0.0,0.0,0.0,0.0
182,764,0.0,0.0,0.0,0.0,0.0,0.0
182,769,5.98,17.26,13.32,3.94,17.26,0.0
182,774,0.0,0.0,0.0,0.0,0.0,0.0
182,775,0.0,0.0,0.0,0.0,0.0,0.0
182,783,11.32,17.13,12.28,4.85,17.13,0.0
182,796,0.0,0.0,0.0,0.0,0.0,0.0
182,802,13.89,22.96,12.73,10.23,22.96,0.0
182,804,0.0,0.0,0.0,0.0,0.0,0.0
182,806,0.0,0.0,0.0,0.0,0.0,0.0
182,810,15.5,21.2,16.31,4.89,21.2,0.0
182,829,0.0,0.0,0.0,0.0,0.0,0.0
182,834,15.56,36.47,27.07,9.4,36.47,-0.0
182,843,0.0,0.0,0.0,0.0,0.0,0.0
182,856,0.0,0.0,0.0,0.0,0.0,0.0
182,863,0.0,0.0,0.0,0.0,0.0,0.0
183,4,50.09,60.53,28.6,31.93,60.53,-0.0
183,6,0.0,0.0,0.0,0.0,0.0,0.0
183,11,0.0,0.0,0.0,0.0,0.0,0.0
183,19,7.82,17.27,12.85,4.42,17.27,-0.0
183,21,0.0,0.0,0.0,0.0,0.0,0.0
183,23,0.0,0.0,0.0,0.0,0.0,0.0
183,26,0.0,0.0,0.0,0.0,0.0,0.0
183,30,0.0,0.0,0.0,0.0,0.0,0.0
183,38,0.0,0.0,0.0,0.0,0.0,0.0
183,41,8.32,17.66,12.74,4.92,17.66,0.0
183,58,0.0,0.0,0.0,0.0,0.0,0.0
183,70,21.27,41.07,32.09,8.98,41.07,0.0
183,71,0.0,0.0,0.0,0.0,0.0,0.0
183,74,4.89,11.65,8.98,2.66,11.65,0.0
183,76,10.83,9.84,5.8,4.04,9.84,0.0
183,77,0.0,0.0,0.0,0.0,0.0,0.0
183,84,0.0,0.0,0.0,0.0,0.0,0.0
183,90,0.0,0.0,0.0,0.0,0.0,0.0
183,93,0.0,0.0,0.0,0.0,0.0,0.0
183,99,0.0,0.0,0.0,0.0,0.0,0.0
183,104,26.97,33.02,24.91,8.12,33.02,-0.0
183,108,0.0,0.0,0.0,0.0,0.0,0.0
183,110,0.0,0.0,0.0,0.0,0.0,0.0
183,114,0.0,0.0,0.0,0.0,0.0,0.0
183,115,0.0,0.0,0.0,0.0,0.0,0.0
183,116,10.32,9.77,5.56,4.21,9.77,0.0
183,117,27.15,34.58,26.17,8.41,34.58,-0.0
183,118,10.66,10.88,5.85,5.03,10.88,-0.0
183,119,16.44,20.62,14.42,6.2,20.62,-0.0
183,122,10.39,24.54,17.93,6.61,24.54,0.0
183,126,0.0,0.0,0.0,0.0,0.0,0.0
183,127,0.0,0.0,0.0,0.0,0.0,0.0
183,129,7.91,12.41,5.24,7.17,12.41,-0.0
183,136,0.0,0.0,0.0,0.0,0.0,0.0
183,140,0.0,0.0,0.0,0.0,0.0,0.0
183,143,0.0,0.0,0.0,0.0,0.0,0.0
183,144,10.62,21.04,15.73,5.32,21.04,0.0
183,150,0.0,0.0,0.0,0.0,0.0,0.0
183,151,0.0,0.0,0.0,0.0,0.0,0.0
183,166,0.0,0.0,0.0,0.0,0.0,0.0
183,185,0.0,0.0,0.0,0.0,0.0,0.0
183,190,0.02,8.33,6.29,2.04,8.33,-0.0
183,193,5.47,10.62,8.32,2.29,10.62,-0.0
183,194,7.24,20.61,15.1,5.51,20.61,-0.0
183,201,0.0,0.0,0.0,0.0,0.0,0.0
183,207,0.0,0.0,0.0,0.0,0.0,0.0
183,212,0.0,0.0,0.0,0.0,0.0,0.0
183,214,0.0,0.0,0.0,0.0,0.0,0.0
183,215,22.13,32.14,24.81,7.33,32.14,0.0
183,219,0.0,0.0,0.0,0.0,0.0,0.0
183,220,0.0,0.0,0.0,0.0,0.0,0.0
183,223,0.0,0.0,0.0,0.0,0.0,0.0
183,226,0.0,0.0,0.0,0.0,0.0,0.0
183,228,0.0,0.0,0.0,0.0,0.0,0.0
183,240,0.0,0.0,0.0,0.0,0.0,0.0
183,250,0.0,0.0,0.0,0.0,0.0,0.0
183,253,0.0,0.0,0.0,0.0,0.0,0.0
183,290,8.35,9.99,7.41,2.58,9.99,0.0
183,291,6.38,7.59,5.44,2.15,7.59,-0.0
183,292,15.43,24.73,19.1,5.63,24.73,-0.0
183,294,0.0,0.0,0.0,0.0,0.0,0.0
183,296,7.12,18.35,14.26,4.1,18.35,-0.0
183,300,43.6,46.04,32.67,13.37,46.04,0.0
183,310,0.0,0.0,0.0,0.0,0.0,0.0
183,314,13.45,21.02,16.38,4.64,21.02,0.0
183,345,7.74,7.53,5.44,2.09,7.53,-0.0
183,351,0.0,0.0,0.0,0.0,0.0,0.0
183,363,3.84,12.19,8.95,3.24,12.19,0.0
183,370,5.01,8.78,6.22,2.56,8.78,0.0
183,379,5.45,18.38,12.28,6.11,18.38,0.0
183,381,0.0,0.0,0.0,0.0,0.0,0.0
183,387,0.0,0.0,0.0,0.0,0.0,0.0
183,396,0.0,0.0,0.0,0.0,0.0,0.0
183,397,0.0,0.0,0.0,0.0,0.0,0.0
183,411,0.0,0.0,0.0,0.0,0.0,0.0
183,413,0.0,0.0,0.0,0.0,0.0,0.0
183,414,0.0,0.0,0.0,0.0,0.0,0.0
183,415,0.0,0.0,0.0,0.0,0.0,0.0
183,419,0.0,0.0,0.0,0.0,0.0,0.0
183,422,8.65,11.38,6.84,4.55,11.38,0.0
183,426,9.83,18.62,12.62,6.0,18.62,0.0
183,439,0.0,0.0,0.0,0.0,0.0,0.0
183,453,0.0,0.0,0.0,0.0,0.0,0.0
183,467,0.0,0.0,0.0,0.0,0.0,0.0
183,468,0.0,0.0,0.0,0.0,0.0,0.0
183,478,0.0,0.0,0.0,0.0,0.0,0.0
183,481,16.67,27.72,21.38,6.33,27.72,0.0
183,486,8.89,19.89,13.26,6.63,19.89,0.0
183,489,0.0,0.0,0.0,0.0,0.0,0.0
183,494,0.0,0.0,0.0,0.0,0.0,0.0
183,496,0.0,0.0,0.0,0.0,0.0,0.0
183,500,0.0,0.0,0.0,0.0,0.0,0.0
183,515,0.0,0.0,0.0,0.0,0.0,0.0
183,549,0.0,0.0,0.0,0.0,0.0,0.0
183,554,0.0,0.0,0.0,0.0,0.0,0.0
183,567,7.91,11.43,8.76,2.68,11.43,0.0
183,578,8.41,7.68,5.24,2.44,7.68,-0.0
183,580,22.69,35.35,27.15,8.2,35.35,0.0
183,596,11.28,22.47,15.18,7.3,22.47,0.0
183,599,0.0,0.0,0.0,0.0,0.0,0.0
183,600,10.21,16.47,9.65,6.81,16.47,0.0
183,629,7.12,8.91,5.46,3.45,8.91,-0.0
183,631,13.96,12.02,8.56,3.46,12.02,-0.0
183,634,0.0,0.0,0.0,0.0,0.0,0.0
183,635,3.86,9.36,6.29,3.06,9.36,-0.0
183,638,8.04,11.98,9.13,2.85,11.98,0.0
183,644,7.48,13.29,9.52,3.77,13.29,-0.0
183,662,0.0,0.0,0.0,0.0,0.0,0.0
183,666,0.0,0.0,0.0,0.0,0.0,0.0
183,670,5.19,7.55,5.68,1.87,7.55,0.0
183,672,0.0,0.0,0.0,0.0,0.0,0.0
183,682,8.73,13.27,9.52,3.75,13.27,-0.0
183,684,0.0,0.0,0.0,0.0,0.0,0.0
183,686,0.0,0.0,0.0,0.0,0.0,0.0
183,688,0.0,0.0,0.0,0.0,0.0,0.0
183,691,24.89,39.23,30.21,9.01,39.23,0.0
183,694,0.0,0.0,0.0,0.0,0.0,0.0
183,699,0.0,0.0,0.0,0.0,0.0,0.0
183,707,0.0,0.0,0.0,0.0,0.0,0.0
183,715,0.0,0.0,0.0,0.0,0.0,0.0
183,719,0.0,0.0,0.0,0.0,0.0,0.0
183,729,0.0,0.0,0.0,0.0,0.0,0.0
183,740,0.0,0.0,0.0,0.0,0.0,0.0
183,763,0.0,0.0,0.0,0.0,0.0,0.0
183,764,0.0,0.0,0.0,0.0,0.0,0.0
183,769,11.21,11.29,8.26,3.02,11.29,-0.0
183,774,0.0,0.0,0.0,0.0,0.0,0.0
183,775,12.23,16.64,12.63,4.01,16.64,0.0
183,783,6.24,12.98,9.67,3.31,12.98,0.0
183,796,0.0,0.0,0.0,0.0,0.0,0.0
183,802,13.6,36.43,24.24,12.18,36.43,0.0
183,804,0.0,0.0,0.0,0.0,0.0,0.0
183,806,0.0,0.0,0.0,0.0,0.0,0.0
183,810,0.0,0.0,0.0,0.0,0.0,0.0
183,829,0.0,0.0,0.0,0.0,0.0,0.0
183,834,22.62,41.56,32.42,9.14,41.56,-0.0
183,843,0.0,0.0,0.0,0.0,0.0,0.0
183,856,0.0,0.0,0.0,0.0,0.0,0.0
183,863,0.0,0.0,0.0,0.0,0.0,0.0
187,4,65.75,58.78,27.91,30.87,58.78,0.0
187,6,7.35,15.51,11.53,3.98,15.51,0.0
187,11,3.38,7.46,5.49,1.97,7.46,-0.0
187,19,15.36,18.04,13.42,4.62,18.04,0.0
187,21,8.3,12.03,9.14,2.9,12.03,-0.0
187,23,4.46,11.79,8.66,3.12,11.79,0.0
187,26,7.19,7.59,5.26,2.33,7.59,-0.0
187,30,0.0,0.0,0.0,0.0,0.0,0.0
187,38,0.0,0.0,0.0,0.0,0.0,0.0
187,41,0.0,0.0,0.0,0.0,0.0,0.0
187,58,4.79,8.61,6.73,1.87,8.61,0.0
187,70,34.75,54.9,41.33,13.57,54.9,0.0
187,71,0.0,0.0,0.0,0.0,0.0,0.0
187,74,0.0,0.0,0.0,0.0,0.0,0.0
187,76,0.0,0.0,0.0,0.0,0.0,0.0
187,77,0.0,0.0,0.0,0.0,0.0,0.0
187,84,0.0,0.0,0.0,0.0,0.0,0.0
187,90,0.0,0.0,0.0,0.0,0.0,0.0
187,93,5.98,5.98,4.21,1.42,5.63,0.35
187,99,0.0,0.0,0.0,0.0,0.0,0.0
187,104,0.0,0.0,0.0,0.0,0.0,0.0
187,108,0.0,0.0,0.0,0.0,0.0,0.0
187,110,0.0,0.0,0.0,0.0,0.0,0.0
187,114,0.0,0.0,0.0,0.0,0.0,0.0
187,115,5.89,11.5,7.78,3.72,11.5,0.0
187,116,0.0,0.0,0.0,0.0,0.0,0.0
187,117,42.29,52.74,40.81,11.92,52.74,-0.0
187,118,18.85,17.92,12.12,5.79,17.92,0.0
187,119,33.05,28.66,21.14,7.52,28.66,-0.0
187,122,13.8,21.93,15.17,6.76,21.93,0.0
187,126,0.0,0.0,0.0,0.0,0.0,0.0
187,127,0.5,7.12,4.93,2.19,7.12,-0.0
187,129,0.0,0.0,0.0,0.0,0.0,0.0
187,136,0.0,0.0,0.0,0.0,0.0,0.0
187,140,0.0,0.0,0.0,0.0,0.0,0.0
187,143,0.0,0.0,0.0,0.0,0.0,0.0
187,144,6.82,32.33,25.69,6.64,32.33,-0.0
187,150,0.0,0.0,0.0,0.0,0.0,0.0
187,151,0.0,0.0,0.0,0.0,0.0,0.0
187,166,0.0,0.0,0.0,0.0,0.0,0.0
187,185,0.0,0.0,0.0,0.0,0.0,0.0
187,190,0.0,0.0,0.0,0.0,0.0,0.0
187,193,0.0,0.0,0.0,0.0,0.0,0.0
187,194,7.33,15.52,12.1,3.42,15.52,0.0
187,201,0.0,0.0,0.0,0.0,0.0,0.0
187,207,0.0,0.0,0.0,0.0,0.0,0.0
187,212,0.0,0.0,0.0,0.0,0.0,0.0
187,214,0.0,0.0,0.0,0.0,0.0,0.0
187,215,22.27,41.45,31.91,9.54,41.45,-0.0
187,219,0.0,0.0,0.0,0.0,0.0,0.0
187,220,0.0,0.0,0.0,0.0,0.0,0.0
187,223,0.0,0.0,0.0,0.0,0.0,0.0
187,226,0.0,0.0,0.0,0.0,0.0,0.0
187,228,0.0,0.0,0.0,0.0,0.0,0.0
187,240,0.0,0.0,0.0,0.0,0.0,0.0
187,250,0.0,0.0,0.0,0.0,0.0,0.0
187,253,0.0,0.0,0.0,0.0,0.0,0.0
187,290,14.34,16.08,12.6,3.48,16.08,-0.0
187,291,3.87,11.98,9.15,2.83,11.98,-0.0
187,292,18.9,22.67,17.52,5.15,22.67,0.0
187,294,0.0,0.0,0.0,0.0,0.0,0.0
187,296,11.36,19.05,14.43,4.62,19.05,-0.0
187,300,29.36,65.31,49.98,15.33,65.31,-0.0
187,310,11.18,14.4,11.46,2.95,14.4,-0.0
187,314,0.0,0.0,0.0,0.0,0.0,0.0
187,345,4.27,6.56,4.36,2.2,6.56,-0.0
187,351,0.0,0.0,0.0,0.0,0.0,0.0
187,363,0.0,0.0,0.0,0.0,0.0,0.0
187,370,0.0,0.0,0.0,0.0,0.0,0.0
187,379,0.0,0.0,0.0,0.0,0.0,0.0
187,381,0.0,0.0,0.0,0.0,0.0,0.0
187,387,0.0,0.0,0.0,0.0,0.0,0.0
187,396,0.0,0.0,0.0,0.0,0.0,0.0
187,397,0.0,0.0,0.0,0.0,0.0,0.0
187,411,0.0,0.0,0.0,0.0,0.0,0.0
187,413,0.0,0.0,0.0,0.0,0.0,0.0
187,414,0.0,0.0,0.0,0.0,0.0,0.0
187,415,0.0,0.0,0.0,0.0,0.0,0.0
187,419,4.88,18.91,15.74,3.17,18.91,-0.0
187,422,4.23,11.88,5.84,6.04,11.88,0.0
187,426,0.0,0.0,0.0,0.0,0.0,0.0
187,439,0.0,0.0,0.0,0.0,0.0,0.0
187,453,0.0,0.0,0.0,0.0,0.0,0.0
187,467,0.0,0.0,0.0,0.0,0.0,0.0
187,468,0.0,0.0,0.0,0.0,0.0,0.0
187,478,5.26,12.63,10.2,2.43,12.63,-0.0
187,481,0.0,0.0,0.0,0.0,0.0,0.0
187,486,19.16,28.69,21.76,6.93,28.69,0.0
187,489,0.0,0.0,0.0,0.0,0.0,0.0
187,494,0.0,0.0,0.0,0.0,0.0,0.0
187,496,4.38,7.73,5.78,1.94,7.73,0.0
187,500,3.04,11.27,6.36,4.91,11.27,0.0
187,515,5.77,10.14,8.2,1.95,10.14,0.0
187,549,0.0,0.0,0.0,0.0,0.0,0.0
187,554,5.86,10.22,7.92,2.3,10.22,-0.0
187,567,14.62,15.74,12.31,3.43,15.74,0.0
187,578,8.7,10.02,8.09,1.92,10.02,0.0
187,580,0.0,0.0,0.0,0.0,0.0,0.0
187,596,8.26,24.13,16.58,7.55,24.13,0.0
187,599,0.0,0.0,0.0,0.0,0.0,0.0
187,600,0.0,0.0,0.0,0.0,0.0,0.0
187,629,0.0,0.0,0.0,0.0,0.0,0.0
187,631,13.66,15.59,12.65,2.94,15.59,-0.0
187,634,0.0,0.0,0.0,0.0,0.0,0.0
187,635,0.0,0.0,0.0,0.0,0.0,0.0
187,638,3.44,11.39,8.64,2.75,11.39,0.0
187,644,6.21,16.42,11.93,4.49,16.42,-0.0
187,662,0.0,0.0,0.0,0.0,0.0,0.0
187,666,0.0,0.0,0.0,0.0,0.0,0.0
187,670,0.0,0.0,0.0,0.0,0.0,0.0
187,672,0.0,0.0,0.0,0.0,0.0,0.0
187,682,5.05,13.08,9.81,3.27,13.08,-0.0
187,684,0.0,0.0,0.0,0.0,0.0,0.0
187,686,0.0,0.0,0.0,0.0,0.0,0.0
187,688,0.0,0.0,0.0,0.0,0.0,0.0
187,691,39.34,46.5,34.4,12.1,46.5,0.0
187,694,0.0,0.0,0.0,0.0,0.0,0.0
187,699,0.0,0.0,0.0,0.0,0.0,0.0
187,707,0.0,0.0,0.0,0.0,0.0,0.0
187,715,4.57,10.64,7.78,2.86,10.64,-0.0
187,719,0.0,0.0,0.0,0.0,0.0,0.0
187,729,0.0,0.0,0.0,0.0,0.0,0.0
187,740,8.77,11.8,8.83,2.97,11.8,-0.0
187,763,0.0,0.0,0.0,0.0,0.0,0.0
187,764,0.0,0.0,0.0,0.0,0.0,0.0
187,769,10.97,14.73,10.98,3.76,14.73,-0.0
187,774,8.86,12.89,9.73,3.16,12.89,-0.0
187,775,22.09,22.47,18.07,4.4,22.47,-0.0
187,783,6.45,13.48,9.89,3.59,13.48,-0.0
187,796,0.0,0.0,0.0,0.0,0.0,0.0
187,802,11.31,22.52,12.72,9.8,22.52,0.0
187,804,0.0,0.0,0.0,0.0,0.0,0.0
187,806,0.0,0.0,0.0,0.0,0.0,0.0
187,810,0.0,0.0,0.0,0.0,0.0,0.0
187,829,0.0,0.0,0.0,0.0,0.0,0.0
187,834,13.24,22.55,15.79,6.75,22.55,-0.0
187,843,0.0,0.0,0.0,0.0,0.0,0.0
187,856,0.0,0.0,0.0,0.0,0.0,0.0
187,863,0.0,0.0,0.0,0.0,0.0,0.0
188,4,0.0,0.0,0.0,0.0,0.0,0.0
188,6,10.33,16.27,12.08,4.18,16.27,0.0
188,11,0.0,0.0,0.0,0.0,0.0,0.0
188,19,7.99,19.5,14.7,4.8,19.5,0.0
188,21,0.0,0.0,0.0,0.0,0.0,0.0
188,23,9.32,9.65,6.37,3.28,9.65,-0.0
188,26,4.35,8.48,5.74,2.74,8.48,-0.0
188,30,0.0,0.0,0.0,0.0,0.0,0.0
188,38,0.0,0.0,0.0,0.0,0.0,0.0
188,41,8.45,14.13,9.28,4.86,14.13,-0.0
188,58,0.0,0.0,0.0,0.0,0.0,0.0
188,70,34.98,50.9,40.05,10.86,50.9,-0.0
188,71,0.0,0.0,0.0,0.0,0.0,0.0
188,74,0.0,0.0,0.0,0.0,0.0,0.0
188,76,10.38,10.63,5.41,5.22,10.63,0.0
188,77,0.0,0.0,0.0,0.0,0.0,0.0
188,84,0.0,0.0,0.0,0.0,0.0,0.0
188,90,4.98,21.19,13.85,7.34,21.19,-0.0
188,93,0.0,0.0,0.0,0.0,0.0,0.0
188,99,0.0,0.0,0.0,0.0,0.0,0.0
188,104,23.63,41.57,32.98,8.6,41.57,-0.0
188,108,0.0,0.0,0.0,0.0,0.0,0.0
188,110,0.0,0.0,0.0,0.0,0.0,0.0
188,114,0.0,0.0,0.0,0.0,0.0,0.0
188,115,0.0,0.0,0.0,0.0,0.0,0.0
188,116,0.0,0.0,0.0,0.0,0.0,0.0
188,117,54.9,67.65,55.71,11.94,67.65,0.0
188,118,11.83,16.77,10.73,6.04,16.77,-0.0
188,119,27.8,26.2,19.42,6.78,26.2,0.0
188,122,12.64,26.78,18.81,7.97,26.78,0.0
188,126,0.0,0.0,0.0,0.0,0.0,0.0
188,127,7.3,9.93,7.11,2.82,9.93,-0.0
188,129,6.7,18.39,12.01,6.38,18.39,0.0
188,136,0.0,0.0,0.0,0.0,0.0,0.0
188,140,0.0,0.0,0.0,0.0,0.0,0.0
188,143,0.0,0.0,0.0,0.0,0.0,0.0
188,144,0.0,0.0,0.0,0.0,0.0,0.0
188,150,0.0,0.0,0.0,0.0,0.0,0.0
188,151,0.0,0.0,0.0,0.0,0.0,0.0
188,166,0.0,0.0,0.0,0.0,0.0,0.0
188,185,0.0,0.0,0.0,0.0,0.0,0.0
188,190,10.83,12.18,8.73,3.45,12.18,-0.0
188,193,0.0,0.0,0.0,0.0,0.0,0.0
188,194,0.0,0.0,0.0,0.0,0.0,0.0
188,201,2.68,9.92,7.06,2.86,9.92,0.0
188,207,0.0,0.0,0.0,0.0,0.0,0.0
188,212,5.55,6.69,4.6,2.09,6.69,0.0
188,214,0.0,0.0,0.0,0.0,0.0,0.0
188,215,24.82,51.4,40.74,10.67,51.4,-0.0
188,219,0.0,0.0,0.0,0.0,0.0,0.0
188,220,0.0,0.0,0.0,0.0,0.0,0.0
188,223,0.0,0.0,0.0,0.0,0.0,0.0
188,226,0.0,0.0,0.0,0.0,0.0,0.0
188,228,0.0,0.0,0.0,0.0,0.0,0.0
188,240,8.3,20.13,15.14,4.99,20.13,0.0
188,250,0.0,0.0,0.0,0.0,0.0,0.0
188,253,0.0,0.0,0.0,0.0,0.0,0.0
188,290,3.16,14.71,11.93,2.78,14.71,0.0
188,291,6.72,7.94,5.98,1.96,7.94,-0.0
188,292,17.66,25.32,20.68,4.64,25.32,-0.0
188,294,0.0,0.0,0.0,0.0,0.0,0.0
188,296,9.3,14.06,11.43,2.63,14.06,0.0
188,300,35.16,71.14,56.03,15.1,71.14,-0.0
188,310,0.0,0.0,0.0,0.0,0.0,0.0
188,314,13.47,22.06,17.84,4.22,22.06,0.0
188,345,0.0,0.0,0.0,0.0,0.0,0.0
188,351,0.0,0.0,0.0,0.0,0.0,0.0
188,363,9.97,10.95,6.7,4.25,10.95,0.0
188,370,0.0,0.0,0.0,0.0,0.0,0.0
188,379,0.0,0.0,0.0,0.0,0.0,0.0
188,381,0.0,0.0,0.0,0.0,0.0,0.0
188,387,0.0,0.0,0.0,0.0,0.0,0.0
188,396,0.0,0.0,0.0,0.0,0.0,0.0
188,397,0.0,0.0,0.0,0.0,0.0,0.0
188,411,0.0,0.0,0.0,0.0,0.0,0.0
188,413,0.0,0.0,0.0,0.0,0.0,0.0
188,414,0.0,0.0,0.0,0.0,0.0,0.0
188,415,0.0,0.0,0.0,0.0,0.0,0.0
188,419,0.0,0.0,0.0,0.0,0.0,0.0
188,422,7.25,13.15,7.83,5.32,13.15,-0.0
188,426,0.0,0.0,0.0,0.0,0.0,0.0
188,439,0.0,0.0,0.0,0.0,0.0,0.0
188,453,0.0,0.0,0.0,0.0,0.0,0.0
188,467,0.0,0.0,0.0,0.0,0.0,0.0
188,468,0.0,0.0,0.0,0.0,0.0,0.0
188,478,0.0,0.0,0.0,0.0,0.0,0.0
188,481,0.0,0.0,0.0,0.0,0.0,0.0
188,486,18.03,28.44,22.22,6.22,28.44,0.0
188,489,0.0,0.0,0.0,0.0,0.0,0.0
188,494,0.0,0.0,0.0,0.0,0.0,0.0
188,496,0.0,0.0,0.0,0.0,0.0,0.0
188,500,7.05,11.56,5.46,6.1,11.56,0.0
188,515,6.35,11.87,9.41,2.46,11.87,0.0
188,549,0.0,0.0,0.0,0.0,0.0,0.0
188,554,6.35,14.9,10.94,3.96,14.9,0.0
188,567,8.08,10.57,7.68,2.89,10.57,-0.0
188,578,8.15,10.28,7.14,3.13,10.28,-0.0
188,580,16.2,29.83,24.15,5.67,29.83,0.0
188,596,6.0,15.87,10.19,5.68,15.87,0.0
188,599,0.0,0.0,0.0,0.0,0.0,0.0
188,600,0.0,0.0,0.0,0.0,0.0,0.0
188,629,0.0,0.0,0.0,0.0,0.0,0.0
188,631,2.81,11.57,8.59,2.98,11.57,0.0
188,634,0.0,0.0,0.0,0.0,0.0,0.0
188,635,11.25,6.77,4.16,2.61,6.77,0.0
188,638,3.39,11.77,8.45,3.32,11.77,0.0
188,644,6.96,12.37,8.72,3.65,12.37,0.0
188,662,0.0,0.0,0.0,0.0,0.0,0.0
188,666,0.0,0.0,0.0,0.0,0.0,0.0
188,670,0.0,0.0,0.0,0.0,0.0,0.0
188,672,0.0,0.0,0.0,0.0,0.0,0.0
188,682,5.69,9.96,6.81,3.15,9.96,-0.0
188,684,0.0,0.0,0.0,0.0,0.0,0.0
188,686,0.0,0.0,0.0,0.0,0.0,0.0
188,688,0.0,0.0,0.0,0.0,0.0,0.0
188,691,42.86,55.2,43.96,11.24,55.2,0.0
188,694,0.0,0.0,0.0,0.0,0.0,0.0
188,699,0.0,0.0,0.0,0.0,0.0,0.0
188,707,0.0,0.0,0.0,0.0,0.0,0.0
188,715,8.23,9.77,6.65,3.11,9.77,-0.0
188,719,0.0,0.0,0.0,0.0,0.0,0.0
188,729,0.0,0.0,0.0,0.0,0.0,0.0
188,740,11.28,13.17,10.2,2.97,13.17,0.0
188,763,0.0,0.0,0.0,0.0,0.0,0.0
188,764,0.0,0.0,0.0,0.0,0.0,0.0
188,769,8.58,15.8,12.44,3.37,15.8,-0.0
188,774,6.52,11.44,8.41,3.03,11.44,-0.0
188,775,28.18,23.58,18.73,4.85,23.58,0.0
188,783,12.07,19.15,14.61,4.54,19.15,-0.0
188,796,0.0,0.0,0.0,0.0,0.0,0.0
188,802,0.0,0.0,0.0,0.0,0.0,0.0
188,804,0.0,0.0,0.0,0.0,0.0,0.0
188,806,0.0,0.0,0.0,0.0,0.0,0.0
188,810,11.08,17.09,13.07,4.02,17.09,-0.0
188,829,0.0,0.0,0.0,0.0,0.0,0.0
188,834,13.1,31.25,23.85,7.4,31.25,-0.0
188,843,0.0,0.0,0.0,0.0,0.0,0.0
188,856,0.0,0.0,0.0,0.0,0.0,0.0
188,863,0.0,0.0,0.0,0.0,0.0,0.0
194,4,33.29,42.64,18.7,23.94,42.64,-0.0
194,6,8.65,18.67,14.69,3.98,18.67,-0.0
194,11,0.0,0.0,0.0,0.0,0.0,0.0
194,19,14.24,21.17,15.04,6.12,21.17,-0.0
194,21,5.35,9.46,6.93,2.52,9.46,-0.0
194,23,3.48,10.61,7.58,3.02,10.61,-0.0
194,26,0.0,0.0,0.0,0.0,0.0,0.0
194,30,0.0,0.0,0.0,0.0,0.0,0.0
194,38,0.0,0.0,0.0,0.0,0.0,0.0
194,41,13.74,13.56,7.12,6.44,13.56,-0.0
194,58,0.0,0.0,0.0,0.0,0.0,0.0
194,70,27.68,32.37,21.84,10.53,32.37,-0.0
194,71,12.13,18.49,13.96,4.53,18.49,0.0
194,74,0.0,0.0,0.0,0.0,0.0,0.0
194,76,11.06,13.73,9.71,4.02,13.73,0.0
194,77,3.64,8.94,6.46,2.48,8.94,-0.0
194,84,0.0,0.0,0.0,0.0,0.0,0.0
194,90,7.81,16.09,10.11,5.98,16.09,0.0
194,93,0.0,0.0,0.0,0.0,0.0,0.0
194,99,0.0,0.0,0.0,0.0,0.0,0.0
194,104,6.48,37.85,28.96,8.89,37.85,0.0
194,108,0.0,0.0,0.0,0.0,0.0,0.0
194,110,0.0,0.0,0.0,0.0,0.0,0.0
194,114,0.0,0.0,0.0,0.0,0.0,0.0
194,115,0.0,0.0,0.0,0.0,0.0,0.0
194,116,7.63,8.53,3.91,4.62,8.53,0.0
194,117,24.88,39.94,25.05,14.88,39.94,-0.0
194,118,5.87,11.12,5.23,5.89,11.12,-0.0
194,119,25.89,25.89,15.27,6.09,21.35,4.54
194,122,9.3,21.04,14.32,6.73,21.04,0.0
194,126,0.0,0.0,0.0,0.0,0.0,0.0
194,127,7.83,11.12,8.08,3.05,11.12,-0.0
194,129,14.53,15.7,5.59,10.1,15.7,-0.0
194,136,0.0,0.0,0.0,0.0,0.0,0.0
194,140,0.0,0.0,0.0,0.0,0.0,0.0
194,143,0.0,0.0,0.0,0.0,0.0,0.0
194,144,6.61,18.02,14.47,3.56,18.02,0.0
194,150,0.0,0.0,0.0,0.0,0.0,0.0
194,151,0.0,0.0,0.0,0.0,0.0,0.0
194,166,16.53,29.5,24.25,5.25,29.5,0.0
194,185,0.0,0.0,0.0,0.0,0.0,0.0
194,190,5.95,9.94,6.77,3.17,9.94,0.0
194,193,0.0,0.0,0.0,0.0,0.0,0.0
194,194,0.0,0.0,0.0,0.0,0.0,0.0
194,201,10.05,8.92,6.43,2.49,8.92,0.0
194,207,9.59,16.79,13.44,3.35,16.79,-0.0
194,212,0.0,0.0,0.0,0.0,0.0,0.0
194,214,0.0,0.0,0.0,0.0,0.0,0.0
194,215,22.5,44.96,35.07,9.89,44.96,-0.0
194,219,0.0,0.0,0.0,0.0,0.0,0.0
194,220,0.0,0.0,0.0,0.0,0.0,0.0
194,223,0.0,0.0,0.0,0.0,0.0,0.0
194,226,0.0,0.0,0.0,0.0,0.0,0.0
194,228,0.0,0.0,0.0,0.0,0.0,0.0
194,240,0.0,0.0,0.0,0.0,0.0,0.0
194,250,0.0,0.0,0.0,0.0,0.0,0.0
194,253,0.0,0.0,0.0,0.0,0.0,0.0
194,290,0.0,0.0,0.0,0.0,0.0,0.0
194,291,0.0,0.0,0.0,0.0,0.0,0.0
194,292,0.0,0.0,0.0,0.0,0.0,0.0
194,294,0.0,0.0,0.0,0.0,0.0,0.0
194,296,0.0,0.0,0.0,0.0,0.0,0.0
194,300,52.14,67.73,50.79,16.95,67.73,0.0
194,310,7.05,8.11,6.04,2.07,8.11,-0.0
194,314,0.0,0.0,0.0,0.0,0.0,0.0
194,345,5.26,6.76,4.54,2.22,6.76,-0.0
194,351,0.0,0.0,0.0,0.0,0.0,0.0
194,363,4.74,10.66,7.71,2.96,10.66,-0.0
194,370,0.0,0.0,0.0,0.0,0.0,0.0
194,379,0.0,0.0,0.0,0.0,0.0,0.0
194,381,0.0,0.0,0.0,0.0,0.0,0.0
194,387,10.24,10.0,6.99,3.02,10.0,-0.0
194,396,4.82,9.48,6.26,3.22,9.48,-0.0
194,397,0.0,0.0,0.0,0.0,0.0,0.0
194,411,3.79,13.67,9.78,3.89,13.67,-0.0
194,413,0.0,0.0,0.0,0.0,0.0,0.0
194,414,6.86,7.85,5.69,2.16,7.85,0.0
194,415,0.0,0.0,0.0,0.0,0.0,0.0
194,419,0.0,0.0,0.0,0.0,0.0,0.0
194,422,0.0,0.0,0.0,0.0,0.0,0.0
194,426,7.58,11.92,7.84,4.07,11.92,0.0
194,439,0.0,0.0,0.0,0.0,0.0,0.0
194,453,0.0,0.0,0.0,0.0,0.0,0.0
194,467,0.0,0.0,0.0,0.0,0.0,0.0
194,468,0.0,0.0,0.0,0.0,0.0,0.0
194,478,0.0,0.0,0.0,0.0,0.0,0.0
194,481,0.0,0.0,0.0,0.0,0.0,0.0
194,486,13.71,19.82,14.63,5.19,19.82,-0.0
194,489,0.0,0.0,0.0,0.0,0.0,0.0
194,494,0.0,0.0,0.0,0.0,0.0,0.0
194,496,0.0,0.0,0.0,0.0,0.0,0.0
194,500,7.85,12.52,6.97,5.55,12.52,0.0
194,515,0.0,0.0,0.0,0.0,0.0,0.0
194,549,0.0,0.0,0.0,0.0,0.0,0.0
194,554,8.88,16.66,12.01,4.66,16.66,0.0
194,567,0.0,0.0,0.0,0.0,0.0,0.0
194,578,0.0,0.0,0.0,0.0,0.0,0.0
194,580,8.0,28.49,21.76,6.73,28.49,-0.0
194,596,13.27,15.78,10.13,5.66,15.78,-0.0
194,599,0.0,0.0,0.0,0.0,0.0,0.0
194,600,4.56,11.27,6.65,4.63,11.27,-0.0
194,629,0.0,0.0,0.0,0.0,0.0,0.0
194,631,11.35,9.39,7.15,2.24,9.39,0.0
194,634,0.0,0.0,0.0,0.0,0.0,0.0
194,635,0.0,0.0,0.0,0.0,0.0,0.0
194,638,0.0,0.0,0.0,0.0,0.0,0.0
194,644,5.73,8.97,5.55,3.42,8.97,0.0
194,662,0.0,0.0,0.0,0.0,0.0,0.0
194,666,20.2,26.53,21.18,5.36,26.53,-0.0
194,670,0.0,0.0,0.0,0.0,0.0,0.0
194,672,0.0,0.0,0.0,0.0,0.0,0.0
194,682,0.0,0.0,0.0,0.0,0.0,0.0
194,684,0.0,0.0,0.0,0.0,0.0,0.0
194,686,0.0,0.0,0.0,0.0,0.0,0.0
194,688,0.0,0.0,0.0,0.0,0.0,0.0
194,691,0.0,0.0,0.0,0.0,0.0,0.0
194,694,0.0,0.0,0.0,0.0,0.0,0.0
194,699,0.0,0.0,0.0,0.0,0.0,0.0
194,707,0.0,0.0,0.0,0.0,0.0,0.0
194,715,0.0,0.0,0.0,0.0,0.0,0.0
194,719,0.0,0.0,0.0,0.0,0.0,0.0
194,729,0.0,0.0,0.0,0.0,0.0,0.0
194,740,9.25,10.34,7.16,3.18,10.34,0.0
194,763,0.0,0.0,0.0,0.0,0.0,0.0
194,764,0.0,0.0,0.0,0.0,0.0,0.0
194,769,8.16,12.59,9.5,3.08,12.59,0.0
194,774,7.73,10.57,7.93,2.64,10.57,-0.0
194,775,0.0,0.0,0.0,0.0,0.0,0.0
194,783,4.26,17.39,13.24,4.15,17.39,-0.0
194,796,0.0,0.0,0.0,0.0,0.0,0.0
194,802,8.83,29.48,19.0,10.48,29.48,-0.0
194,804,0.0,0.0,0.0,0.0,0.0,0.0
194,806,0.0,0.0,0.0,0.0,0.0,0.0
194,810,10.02,20.96,15.36,5.6,20.96,-0.0
194,829,0.0,0.0,0.0,0.0,0.0,0.0
194,834,14.15,27.88,20.72,7.16,27.88,-0.0
194,843,0.0,0.0,0.0,0.0,0.0,0.0
194,856,0.0,0.0,0.0,0.0,0.0,0.0
194,863,0.0,0.0,0.0,0.0,0.0,0.0
196,4,28.63,62.71,32.44,30.28,62.71,0.0
196,6,0.0,0.0,0.0,0.0,0.0,0.0
196,11,0.0,0.0,0.0,0.0,0.0,0.0
196,19,0.0,0.0,0.0,0.0,0.0,0.0
196,21,0.0,0.0,0.0,0.0,0.0,0.0
196,23,0.0,0.0,0.0,0.0,0.0,0.0
196,26,10.83,6.73,3.94,2.79,6.73,0.0
196,30,0.0,0.0,0.0,0.0,0.0,0.0
196,38,0.0,0.0,0.0,0.0,0.0,0.0
196,41,6.25,14.54,8.89,5.65,14.54,0.0
196,58,10.31,8.12,6.11,2.01,8.12,-0.0
196,70,35.27,44.5,35.2,9.3,44.5,-0.0
196,71,0.0,0.0,0.0,0.0,0.0,0.0
196,74,0.0,0.0,0.0,0.0,0.0,0.0
196,76,17.01,7.15,2.48,4.67,7.15,0.0
196,77,0.0,0.0,0.0,0.0,0.0,0.0
196,84,0.0,0.0,0.0,0.0,0.0,0.0
196,90,0.0,0.0,0.0,0.0,0.0,0.0
196,93,0.0,0.0,0.0,0.0,0.0,0.0
196,99,0.0,0.0,0.0,0.0,0.0,0.0
196,104,24.81,36.64,29.05,7.59,36.64,0.0
196,108,0.0,0.0,0.0,0.0,0.0,0.0
196,110,0.0,0.0,0.0,0.0,0.0,0.0
196,114,0.0,0.0,0.0,0.0,0.0,0.0
196,115,0.0,0.0,0.0,0.0,0.0,0.0
196,116,8.13,10.39,6.77,3.63,10.39,-0.0
196,117,23.42,35.72,27.86,7.86,35.72,0.0
196,118,11.07,12.65,7.09,5.56,12.65,0.0
196,119,29.16,26.2,17.63,6.44,24.07,2.13
196,122,11.33,18.33,11.77,6.56,18.33,-0.0
196,126,0.0,0.0,0.0,0.0,0.0,0.0
196,127,0.0,0.0,0.0,0.0,0.0,0.0
196,129,0.0,0.0,0.0,0.0,0.0,0.0
196,136,0.0,0.0,0.0,0.0,0.0,0.0
196,140,0.0,0.0,0.0,0.0,0.0,0.0
196,143,0.0,0.0,0.0,0.0,0.0,0.0
196,144,17.6,30.4,24.17,6.24,30.4,-0.0
196,150,0.0,0.0,0.0,0.0,0.0,0.0
196,151,0.0,0.0,0.0,0.0,0.0,0.0
196,166,16.93,23.1,19.1,4.0,23.1,-0.0
196,185,0.0,0.0,0.0,0.0,0.0,0.0
196,190,0.0,0.0,0.0,0.0,0.0,0.0
196,193,8.71,9.62,7.21,2.41,9.62,0.0
196,194,12.2,20.68,15.22,5.46,20.68,0.0
196,201,0.0,0.0,0.0,0.0,0.0,0.0
196,207,0.0,0.0,0.0,0.0,0.0,0.0
196,212,0.0,0.0,0.0,0.0,0.0,0.0
196,214,0.0,0.0,0.0,0.0,0.0,0.0
196,215,24.38,43.59,33.89,9.7,43.59,-0.0
196,219,0.0,0.0,0.0,0.0,0.0,0.0
196,220,0.0,0.0,0.0,0.0,0.0,0.0
196,223,8.06,10.1,7.46,2.63,10.1,0.0
196,226,0.0,0.0,0.0,0.0,0.0,0.0
196,228,0.0,0.0,0.0,0.0,0.0,0.0
196,240,0.0,0.0,0.0,0.0,0.0,0.0
196,250,0.0,0.0,0.0,0.0,0.0,0.0
196,253,0.0,0.0,0.0,0.0,0.0,0.0
196,290,8.45,14.14,11.35,2.79,14.14,0.0
196,291,7.87,6.9,4.13,2.77,6.9,0.0
196,292,15.38,19.62,13.55,6.07,19.62,0.0
196,294,0.0,0.0,0.0,0.0,0.0,0.0
196,296,12.81,16.48,13.16,3.32,16.48,0.0
196,300,49.82,59.57,44.35,15.22,59.57,0.0
196,310,12.55,14.33,11.5,2.83,14.33,0.0
196,314,15.91,24.79,20.13,4.66,24.79,-0.0
196,345,4.18,8.04,5.49,2.55,8.04,0.0
196,351,0.0,0.0,0.0,0.0,0.0,0.0
196,363,8.06,11.57,7.86,3.71,11.57,0.0
196,370,0.0,0.0,0.0,0.0,0.0,0.0
196,379,0.0,0.0,0.0,0.0,0.0,0.0
196,381,0.0,0.0,0.0,0.0,0.0,0.0
196,387,10.05,12.63,8.81,3.82,12.63,0.0
196,396,0.0,0.0,0.0,0.0,0.0,0.0
196,397,0.0,0.0,0.0,0.0,0.0,0.0
196,411,0.0,0.0,0.0,0.0,0.0,0.0
196,413,0.0,0.0,0.0,0.0,0.0,0.0
196,414,0.0,0.0,0.0,0.0,0.0,0.0
196,415,0.0,0.0,0.0,0.0,0.0,0.0
196,419,0.0,0.0,0.0,0.0,0.0,0.0
196,422,6.12,13.42,8.36,5.06,13.42,-0.0
196,426,15.78,14.99,10.07,4.92,14.99,0.0
196,439,0.0,0.0,0.0,0.0,0.0,0.0
196,453,0.0,0.0,0.0,0.0,0.0,0.0
196,467,0.0,0.0,0.0,0.0,0.0,0.0
196,468,0.0,0.0,0.0,0.0,0.0,0.0
196,478,0.0,0.0,0.0,0.0,0.0,0.0
196,481,30.53,28.74,21.94,6.8,28.74,0.0
196,486,16.63,19.91,13.52,6.39,19.91,-0.0
196,489,0.0,0.0,0.0,0.0,0.0,0.0
196,494,0.0,0.0,0.0,0.0,0.0,0.0
196,496,0.0,0.0,0.0,0.0,0.0,0.0
196,500,0.0,0.0,0.0,0.0,0.0,0.0
196,515,0.0,0.0,0.0,0.0,0.0,0.0
196,549,0.0,0.0,0.0,0.0,0.0,0.0
196,554,0.0,0.0,0.0,0.0,0.0,0.0
196,567,8.83,14.02,10.49,3.53,14.02,0.0
196,578,0.0,0.0,0.0,0.0,0.0,0.0
196,580,0.0,0.0,0.0,0.0,0.0,0.0
196,596,13.35,23.72,17.29,6.43,23.72,0.0
196,599,17.29,17.95,11.69,6.26,17.95,-0.0
196,600,0.0,0.0,0.0,0.0,0.0,0.0
196,629,12.37,13.66,9.43,4.23,13.66,-0.0
196,631,4.92,13.14,10.33,2.81,13.14,0.0
196,634,0.0,0.0,0.0,0.0,0.0,0.0
196,635,0.0,0.0,0.0,0.0,0.0,0.0
196,638,4.11,12.68,10.09,2.6,12.68,-0.0
196,644,0.0,0.0,0.0,0.0,0.0,0.0
196,662,0.0,0.0,0.0,0.0,0.0,0.0
196,666,0.0,0.0,0.0,0.0,0.0,0.0
196,670,0.0,0.0,0.0,0.0,0.0,0.0
196,672,0.0,0.0,0.0,0.0,0.0,0.0
196,682,11.19,12.83,8.62,4.2,12.83,-0.0
196,684,10.32,10.36,5.8,4.55,10.36,-0.0
196,686,0.0,0.0,0.0,0.0,0.0,0.0
196,688,0.0,0.0,0.0,0.0,0.0,0.0
196,691,35.34,49.42,39.79,9.63,49.42,-0.0
196,694,16.78,19.91,12.07,7.84,19.91,-0.0
196,699,3.72,10.6,7.69,2.92,10.6,0.0
196,707,0.0,0.0,0.0,0.0,0.0,0.0
196,715,0.0,0.0,0.0,0.0,0.0,0.0
196,719,0.0,0.0,0.0,0.0,0.0,0.0
196,729,0.0,0.0,0.0,0.0,0.0,0.0
196,740,12.9,14.3,10.69,3.61,14.3,0.0
196,763,0.0,0.0,0.0,0.0,0.0,0.0
196,764,0.0,0.0,0.0,0.0,0.0,0.0
196,769,6.81,9.7,6.99,2.71,9.7,-0.0
196,774,7.76,14.07,10.62,3.45,14.07,-0.0
196,775,11.63,18.33,13.38,4.95,18.33,-0.0
196,783,10.29,12.68,8.79,3.88,12.68,0.0
196,796,0.0,0.0,0.0,0.0,0.0,0.0
196,802,12.99,28.87,18.77,10.1,28.87,0.0
196,804,0.0,0.0,0.0,0.0,0.0,0.0
196,806,0.0,0.0,0.0,0.0,0.0,0.0
196,810,0.0,0.0,0.0,0.0,0.0,0.0
196,829,0.0,0.0,0.0,0.0,0.0,0.0
196,834,15.89,37.84,29.38,8.46,37.84,0.0
196,843,0.0,0.0,0.0,0.0,0.0,0.0
196,856,0.0,0.0,0.0,0.0,0.0,0.0
196,863,0.0,0.0,0.0,0.0,0.0,0.0
