from_store,to_store,product_id,qty,cost,reason_codes
1,60,489,1.31,3.92,"['excess_inventory_at_source', 'high_delay_probability', 'transport_cost_acceptable']"
18,60,486,0.38,1.13,"['projected_stockout_at_destination', 'excess_inventory_at_source', 'high_delay_probability', 'transport_cost_acceptable']"
18,131,635,2.43,7.29,"['projected_stockout_at_destination', 'excess_inventory_at_source', 'safety_stock_violation_prevented', 'high_delay_probability', 'transport_cost_acceptable']"
18,134,481,0.06,0.18,"['projected_stockout_at_destination', 'excess_inventory_at_source', 'high_delay_probability', 'transport_cost_acceptable']"
18,145,118,2.99,8.97,"['excess_inventory_at_source', 'high_demand_variability', 'high_delay_probability', 'transport_cost_acceptable']"
18,145,363,0.49,1.47,"['excess_inventory_at_source', 'high_delay_probability', 'transport_cost_acceptable']"
18,147,567,0.93,2.8,"['excess_inventory_at_source', 'high_delay_probability', 'transport_cost_acceptable']"
18,147,740,0.06,0.18,"['excess_inventory_at_source', 'high_delay_probability', 'transport_cost_acceptable']"
18,182,117,13.43,40.29,"['projected_stockout_at_destination', 'excess_inventory_at_source', 'high_delay_probability', 'transport_cost_acceptable']"
18,196,41,0.85,2.54,"['projected_stockout_at_destination', 'excess_inventory_at_source', 'high_delay_probability', 'transport_cost_acceptable']"
29,18,190,1.81,5.44,"['excess_inventory_at_source', 'high_delay_probability', 'transport_cost_acceptable']"
29,182,296,0.1,0.31,"['projected_stockout_at_destination', 'excess_inventory_at_source', 'high_delay_probability', 'transport_cost_acceptable']"
29,196,567,0.9,2.7,"['projected_stockout_at_destination', 'excess_inventory_at_source', 'high_delay_probability', 'transport_cost_acceptable']"
46,1,76,4.27,12.81,"['excess_inventory_at_source', 'high_delay_probability', 'transport_cost_acceptable']"
46,29,117,4.82,14.47,"['projected_stockout_at_destination', 'excess_inventory_at_source', 'high_delay_probability', 'transport_cost_acceptable']"
46,60,740,3.38,10.13,"['projected_stockout_at_destination', 'excess_inventory_at_source', 'high_delay_probability', 'transport_cost_acceptable']"
46,74,291,0.35,1.04,"['projected_stockout_at_destination', 'excess_inventory_at_source', 'high_delay_probability', 'transport_cost_acceptable']"
46,118,843,1.09,3.28,"['projected_stockout_at_destination', 'excess_inventory_at_source', 'high_delay_probability', 'transport_cost_acceptable']"
46,131,291,1.37,4.1,"['excess_inventory_at_source', 'high_delay_probability', 'transport_cost_acceptable']"
46,131,292,2.0,6.0,"['projected_stockout_at_destination', 'excess_inventory_at_source', 'high_delay_probability', 'transport_cost_acceptable']"
46,134,76,1.29,3.88,"['projected_stockout_at_destination', 'excess_inventory_at_source', 'high_delay_probability', 'transport_cost_acceptable']"
46,134,631,0.11,0.34,"['projected_stockout_at_destination', 'excess_inventory_at_source', 'high_delay_probability', 'transport_cost_acceptable']"
46,145,774,2.3,6.91,"['projected_stockout_at_destination', 'excess_inventory_at_source', 'high_delay_probability', 'transport_cost_acceptable']"
46,145,804,0.37,1.11,"['projected_stockout_at_destination', 'excess_inventory_at_source', 'high_delay_probability', 'transport_cost_acceptable']"
46,147,740,0.54,1.63,"['excess_inventory_at_source', 'high_delay_probability', 'transport_cost_acceptable']"
60,1,118,3.21,9.64,"['excess_inventory_at_source', 'high_delay_probability', 'transport_cost_acceptable']"
60,18,666,2.2,6.59,"['excess_inventory_at_source', 'high_delay_probability', 'transport_cost_acceptable']"
60,46,119,2.82,8.46,"['projected_stockout_at_destination', 'excess_inventory_at_source', 'high_delay_probability', 'transport_cost_acceptable']"
60,46,118,0.12,0.37,"['excess_inventory_at_source', 'high_delay_probability', 'transport_cost_acceptable']"
60,46,666,0.28,0.85,"['projected_stockout_at_destination', 'excess_inventory_at_source', 'high_delay_probability', 'transport_cost_acceptable']"
60,131,118,1.45,4.35,"['excess_inventory_at_source', 'high_delay_probability', 'transport_cost_acceptable']"
60,131,769,0.23,0.69,"['excess_inventory_at_source', 'high_delay_probability', 'transport_cost_acceptable']"
60,134,481,2.42,7.25,"['projected_stockout_at_destination', 'excess_inventory_at_source', 'high_delay_probability', 'transport_cost_acceptable']"
60,147,567,0.47,1.4,"['excess_inventory_at_source', 'high_delay_probability', 'transport_cost_acceptable']"
60,151,600,1.52,4.55,"['projected_stockout_at_destination', 'excess_inventory_at_source', 'high_delay_probability', 'transport_cost_acceptable']"
60,151,666,2.03,6.09,"['excess_inventory_at_source', 'high_delay_probability', 'transport_cost_acceptable']"
60,151,481,0.59,1.77,"['excess_inventory_at_source', 'high_delay_probability', 'transport_cost_acceptable']"
60,188,769,3.06,9.18,"['projected_stockout_at_destination', 'excess_inventory_at_source', 'high_delay_probability', 'transport_cost_acceptable']"
60,188,774,0.11,0.32,"['projected_stockout_at_destination', 'excess_inventory_at_source', 'high_delay_probability', 'transport_cost_acceptable']"
60,194,118,0.02,0.06,"['excess_inventory_at_source', 'safety_stock_violation_prevented', 'high_demand_variability', 'high_delay_probability', 'transport_cost_acceptable']"
60,196,118,1.58,4.75,"['excess_inventory_at_source', 'high_demand_variability', 'high_delay_probability', 'transport_cost_acceptable']"
74,29,118,0.03,0.09,"['projected_stockout_at_destination', 'excess_inventory_at_source', 'high_delay_probability', 'transport_cost_acceptable']"
74,46,363,0.35,1.04,"['projected_stockout_at_destination', 'excess_inventory_at_source', 'high_delay_probability', 'transport_cost_acceptable']"
74,147,691,3.46,10.37,"['projected_stockout_at_destination', 'excess_inventory_at_source', 'high_delay_probability', 'transport_cost_acceptable']"
74,182,292,3.59,10.77,"['projected_stockout_at_destination', 'excess_inventory_at_source', 'high_delay_probability', 'transport_cost_acceptable']"
74,188,691,12.34,37.02,"['projected_stockout_at_destination', 'excess_inventory_at_source', 'high_delay_probability', 'transport_cost_acceptable']"
118,29,116,2.51,7.52,"['projected_stockout_at_destination', 'excess_inventory_at_source', 'high_delay_probability', 'transport_cost_acceptable']"
118,60,76,0.14,0.42,"['excess_inventory_at_source', 'high_demand_variability', 'high_delay_probability', 'transport_cost_acceptable']"
118,134,631,0.92,2.76,"['projected_stockout_at_destination', 'excess_inventory_at_source', 'high_delay_probability', 'transport_cost_acceptable']"
118,151,635,0.43,1.29,"['projected_stockout_at_destination', 'excess_inventory_at_source', 'high_delay_probability', 'transport_cost_acceptable']"
118,181,635,1.45,4.34,"['excess_inventory_at_source', 'high_delay_probability', 'transport_cost_acceptable']"
118,182,76,0.92,2.75,"['projected_stockout_at_destination', 'excess_inventory_at_source', 'high_delay_probability', 'transport_cost_acceptable']"
118,194,76,0.28,0.84,"['excess_inventory_at_source', 'high_delay_probability', 'transport_cost_acceptable']"
131,74,290,3.37,10.12,"['excess_inventory_at_source', 'high_delay_probability', 'transport_cost_acceptable']"
131,118,19,2.12,6.37,"['projected_stockout_at_destination', 'excess_inventory_at_source', 'high_delay_probability', 'transport_cost_acceptable']"
131,147,119,1.14,3.42,"['excess_inventory_at_source', 'high_delay_probability', 'transport_cost_acceptable']"
131,147,290,0.63,1.9,"['projected_stockout_at_destination', 'excess_inventory_at_source', 'high_delay_probability', 'transport_cost_acceptable']"
131,182,76,6.02,18.06,"['projected_stockout_at_destination', 'excess_inventory_at_source', 'high_delay_probability', 'transport_cost_acceptable']"
131,188,682,2.71,8.12,"['projected_stockout_at_destination', 'excess_inventory_at_source', 'high_delay_probability', 'transport_cost_acceptable']"
134,1,810,0.48,1.44,"['projected_stockout_at_destination', 'excess_inventory_at_source', 'high_delay_probability', 'transport_cost_acceptable']"
134,29,118,2.21,6.64,"['projected_stockout_at_destination', 'excess_inventory_at_source', 'high_delay_probability', 'transport_cost_acceptable']"
134,29,635,0.81,2.42,"['projected_stockout_at_destination', 'excess_inventory_at_source', 'high_delay_probability', 'transport_cost_acceptable']"
134,145,635,0.14,0.41,"['excess_inventory_at_source', 'high_demand_variability', 'high_delay_probability', 'transport_cost_acceptable']"
134,151,796,5.46,16.37,"['projected_stockout_at_destination', 'excess_inventory_at_source', 'high_delay_probability', 'transport_cost_acceptable']"
134,154,118,0.31,0.93,"['excess_inventory_at_source', 'high_demand_variability', 'high_delay_probability', 'transport_cost_acceptable']"
145,46,119,2.43,7.28,"['projected_stockout_at_destination', 'excess_inventory_at_source', 'high_delay_probability', 'transport_cost_acceptable']"
145,131,567,1.18,3.54,"['excess_inventory_at_source', 'high_delay_probability', 'transport_cost_acceptable']"
145,131,686,0.43,1.28,"['excess_inventory_at_source', 'high_delay_probability', 'transport_cost_acceptable']"
145,131,345,0.7,2.1,"['projected_stockout_at_destination', 'excess_inventory_at_source', 'high_delay_probability', 'transport_cost_acceptable']"
145,183,119,4.18,12.55,"['excess_inventory_at_source', 'high_delay_probability', 'transport_cost_acceptable']"
145,188,567,0.9,2.71,"['excess_inventory_at_source', 'high_delay_probability', 'transport_cost_acceptable']"
145,194,76,2.39,7.17,"['excess_inventory_at_source', 'high_delay_probability', 'transport_cost_acceptable']"
147,29,117,0.07,0.2,"['projected_stockout_at_destination', 'excess_inventory_at_source', 'high_delay_probability', 'transport_cost_acceptable']"
147,60,682,1.98,5.95,"['projected_stockout_at_destination', 'excess_inventory_at_source', 'high_delay_probability', 'transport_cost_acceptable']"
147,131,769,1.37,4.12,"['excess_inventory_at_source', 'high_delay_probability', 'transport_cost_acceptable']"
147,145,4,2.25,6.75,"['projected_stockout_at_destination', 'excess_inventory_at_source', 'safety_stock_violation_prevented', 'high_demand_variability', 'high_delay_probability', 'transport_cost_acceptable']"
147,183,117,7.43,22.28,"['excess_inventory_at_source', 'high_delay_probability', 'transport_cost_acceptable']"
151,118,118,1.46,4.39,"['excess_inventory_at_source', 'high_delay_probability', 'transport_cost_acceptable']"
151,118,292,2.22,6.65,"['excess_inventory_at_source', 'high_delay_probability', 'transport_cost_acceptable']"
151,131,769,1.43,4.29,"['excess_inventory_at_source', 'high_delay_probability', 'transport_cost_acceptable']"
151,145,118,0.12,0.35,"['excess_inventory_at_source', 'high_demand_variability', 'high_delay_probability', 'transport_cost_acceptable']"
151,145,292,0.03,0.08,"['excess_inventory_at_source', 'high_delay_probability', 'transport_cost_acceptable']"
151,147,118,0.33,1.0,"['excess_inventory_at_source', 'high_demand_variability', 'high_delay_probability', 'transport_cost_acceptable']"
151,154,118,2.13,6.38,"['excess_inventory_at_source', 'high_demand_variability', 'high_delay_probability', 'transport_cost_acceptable']"
151,183,118,0.22,0.65,"['excess_inventory_at_source', 'high_demand_variability', 'high_delay_probability', 'transport_cost_acceptable']"
151,183,769,0.08,0.24,"['excess_inventory_at_source', 'high_delay_probability', 'transport_cost_acceptable']"
151,194,118,5.23,15.7,"['excess_inventory_at_source', 'safety_stock_violation_prevented', 'high_demand_variability', 'high_delay_probability', 'transport_cost_acceptable']"
154,18,775,0.03,0.09,"['excess_inventory_at_source', 'high_delay_probability', 'transport_cost_acceptable']"
154,29,691,4.48,13.45,"['excess_inventory_at_source', 'high_delay_probability', 'transport_cost_acceptable']"
154,29,775,1.01,3.02,"['excess_inventory_at_source', 'high_delay_probability', 'transport_cost_acceptable']"
154,46,567,0.77,2.3,"['excess_inventory_at_source', 'high_delay_probability', 'transport_cost_acceptable']"
154,118,426,0.69,2.06,"['projected_stockout_at_destination', 'excess_inventory_at_source', 'high_delay_probability', 'transport_cost_acceptable']"
154,131,567,1.52,4.57,"['excess_inventory_at_source', 'high_delay_probability', 'transport_cost_acceptable']"
154,131,631,0.47,1.42,"['projected_stockout_at_destination', 'excess_inventory_at_source', 'high_delay_probability', 'transport_cost_acceptable']"
154,134,453,1.82,5.47,"['excess_inventory_at_source', 'high_demand_variability', 'high_delay_probability', 'transport_cost_acceptable']"
154,147,567,0.65,1.96,"['excess_inventory_at_source', 'high_delay_probability', 'transport_cost_acceptable']"
154,181,296,2.42,7.27,"['projected_stockout_at_destination', 'excess_inventory_at_source', 'high_delay_probability', 'transport_cost_acceptable']"
154,182,70,0.4,1.21,"['projected_stockout_at_destination', 'excess_inventory_at_source', 'high_delay_probability', 'transport_cost_acceptable']"
154,187,691,4.13,12.38,"['excess_inventory_at_source', 'high_delay_probability', 'transport_cost_acceptable']"
154,194,77,0.29,0.86,"['projected_stockout_at_destination', 'excess_inventory_at_source', 'high_delay_probability', 'transport_cost_acceptable']"
181,1,843,0.24,0.72,"['excess_inventory_at_source', 'high_delay_probability', 'transport_cost_acceptable']"
181,29,118,2.01,6.03,"['projected_stockout_at_destination', 'excess_inventory_at_source', 'high_delay_probability', 'transport_cost_acceptable']"
181,118,843,0.73,2.18,"['projected_stockout_at_destination', 'excess_inventory_at_source', 'high_delay_probability', 'transport_cost_acceptable']"
181,131,207,1.22,3.67,"['projected_stockout_at_destination', 'excess_inventory_at_source', 'high_delay_probability', 'transport_cost_acceptable']"
181,134,481,1.26,3.77,"['projected_stockout_at_destination', 'excess_inventory_at_source', 'high_delay_probability', 'transport_cost_acceptable']"
182,18,190,0.38,1.15,"['excess_inventory_at_source', 'high_delay_probability', 'transport_cost_acceptable']"
182,118,118,5.26,15.79,"['excess_inventory_at_source', 'high_delay_probability', 'transport_cost_acceptable']"
182,131,631,0.67,2.0,"['projected_stockout_at_destination', 'excess_inventory_at_source', 'high_delay_probability', 'transport_cost_acceptable']"
182,145,291,3.06,9.18,"['projected_stockout_at_destination', 'excess_inventory_at_source', 'high_delay_probability', 'transport_cost_acceptable']"
182,183,600,1.3,3.9,"['excess_inventory_at_source', 'high_demand_variability', 'high_delay_probability', 'transport_cost_acceptable']"
182,194,71,1.91,5.74,"['projected_stockout_at_destination', 'excess_inventory_at_source', 'high_delay_probability', 'transport_cost_acceptable']"
182,194,116,0.9,2.7,"['excess_inventory_at_source', 'high_demand_variability', 'high_delay_probability', 'transport_cost_acceptable']"
182,196,116,2.26,6.78,"['excess_inventory_at_source', 'high_delay_probability', 'transport_cost_acceptable']"
183,1,76,0.99,2.98,"['excess_inventory_at_source', 'high_delay_probability', 'transport_cost_acceptable']"
183,29,116,0.55,1.64,"['projected_stockout_at_destination', 'excess_inventory_at_source', 'high_delay_probability', 'transport_cost_acceptable']"
183,29,631,1.94,5.81,"['projected_stockout_at_destination', 'excess_inventory_at_source', 'high_delay_probability', 'transport_cost_acceptable']"
183,145,578,0.72,2.17,"['projected_stockout_at_destination', 'excess_inventory_at_source', 'high_delay_probability', 'transport_cost_acceptable']"
183,187,345,0.21,0.64,"['projected_stockout_at_destination', 'excess_inventory_at_source', 'high_delay_probability', 'transport_cost_acceptable']"
187,29,118,0.94,2.82,"['projected_stockout_at_destination', 'excess_inventory_at_source', 'high_delay_probability', 'transport_cost_acceptable']"
187,46,4,6.97,20.92,"['excess_inventory_at_source', 'high_demand_variability', 'high_delay_probability', 'transport_cost_acceptable']"
187,46,119,1.04,3.13,"['projected_stockout_at_destination', 'excess_inventory_at_source', 'high_delay_probability', 'transport_cost_acceptable']"
187,147,119,1.21,3.64,"['excess_inventory_at_source', 'high_delay_probability', 'transport_cost_acceptable']"
188,29,635,2.73,8.19,"['projected_stockout_at_destination', 'excess_inventory_at_source', 'high_delay_probability', 'transport_cost_acceptable']"
188,29,775,0.19,0.56,"['excess_inventory_at_source', 'high_delay_probability', 'transport_cost_acceptable']"
188,46,119,1.6,4.81,"['projected_stockout_at_destination', 'excess_inventory_at_source', 'high_delay_probability', 'transport_cost_acceptable']"
188,154,635,1.67,5.01,"['excess_inventory_at_source', 'high_delay_probability', 'transport_cost_acceptable']"
188,181,635,0.08,0.24,"['excess_inventory_at_source', 'high_delay_probability', 'transport_cost_acceptable']"
188,183,775,4.41,13.24,"['projected_stockout_at_destination', 'excess_inventory_at_source', 'high_delay_probability', 'transport_cost_acceptable']"
194,151,201,1.13,3.38,"['projected_stockout_at_destination', 'excess_inventory_at_source', 'high_delay_probability', 'transport_cost_acceptable']"
194,182,387,0.24,0.72,"['projected_stockout_at_destination', 'excess_inventory_at_source', 'high_delay_probability', 'transport_cost_acceptable']"
194,196,41,0.18,0.53,"['projected_stockout_at_destination', 'excess_inventory_at_source', 'high_delay_probability', 'transport_cost_acceptable']"
194,196,631,1.96,5.87,"['projected_stockout_at_destination', 'excess_inventory_at_source', 'high_delay_probability', 'transport_cost_acceptable']"
196,1,58,1.69,5.06,"['excess_inventory_at_source', 'high_delay_probability', 'transport_cost_acceptable']"
196,1,76,0.22,0.65,"['excess_inventory_at_source', 'high_delay_probability', 'transport_cost_acceptable']"
196,74,26,1.37,4.12,"['excess_inventory_at_source', 'high_delay_probability', 'transport_cost_acceptable']"
196,74,291,0.97,2.9,"['projected_stockout_at_destination', 'excess_inventory_at_source', 'high_delay_probability', 'transport_cost_acceptable']"
196,118,426,0.79,2.37,"['projected_stockout_at_destination', 'excess_inventory_at_source', 'high_delay_probability', 'transport_cost_acceptable']"
196,134,26,2.73,8.18,"['projected_stockout_at_destination', 'excess_inventory_at_source', 'high_delay_probability', 'transport_cost_acceptable']"
196,134,481,1.8,5.39,"['projected_stockout_at_destination', 'excess_inventory_at_source', 'high_delay_probability', 'transport_cost_acceptable']"
196,145,58,0.51,1.53,"['projected_stockout_at_destination', 'excess_inventory_at_source', 'high_delay_probability', 'transport_cost_acceptable']"
196,147,119,5.09,15.27,"['excess_inventory_at_source', 'high_delay_probability', 'transport_cost_acceptable']"
196,181,76,9.4,28.19,"['projected_stockout_at_destination', 'excess_inventory_at_source', 'high_delay_probability', 'transport_cost_acceptable']"
196,182,76,0.25,0.74,"['projected_stockout_at_destination', 'excess_inventory_at_source', 'high_delay_probability', 'transport_cost_acceptable']"
