plant_id,avg_demand,demand_volatility,avg_stockout_hours,avg_products,current_inventory,inventory_imbalance
0,79.79522222222222,17.40439413893287,3.356306306306306,74.0,99.61293033244934,19.817708110227116
1,149.2951111111111,32.32996183124853,3.1573232323232325,132.0,138.97401900808504,-10.321092103026075
2,85.38277777777778,15.07939080429691,3.0932026143790847,85.0,113.03350103671036,27.650723258932587
3,91.7101111111111,14.584901882044448,3.1131868131868132,91.0,161.5487297894709,69.83861867835981
4,56.752111111111105,15.674129726531703,3.208888888888889,40.0,50.107761941440906,-6.6443491696702
5,47.29622222222222,11.73326506832371,3.168091168091168,39.0,41.75932544907056,-5.5368967731516605
6,45.23811111111111,9.40867922221907,3.0903954802259888,59.0,80.9584135191181,35.72030240800699
7,27.553,5.9463758106008475,2.9496913580246913,36.0,38.12556454617505,10.572564546175048
8,63.321777777777775,11.390767558336002,2.9720634920634916,70.0,48.45780140851191,-14.863976369265863
9,56.461555555555556,10.472244955452071,3.461746031746032,70.0,71.77844757713234,15.316892021576784
10,33.218888888888884,8.701012525923616,3.032804232804233,21.0,25.521778465547673,-7.697110423341211
11,85.64888888888889,17.221970710579402,3.084271284271284,77.0,65.70427093099462,-19.944617957894266
12,51.266666666666666,9.590494240407057,3.188683127572016,54.0,57.46896622780934,6.202299561142674
13,21.090966666666667,4.6443291008098475,3.2504273504273504,26.0,0.9145017346319366,-20.17646493203473
14,17.35953333333333,4.373915894445775,3.3566137566137564,21.0,2.387649027947795,-14.971884305385537
15,12.915755555555554,3.1941840065446176,3.2925925925925923,18.0,9.284571415748704,-3.63118413980685
16,49.621744444444445,9.124615866393416,3.2112962962962963,60.0,24.492520935136877,-25.129223509307568
17,54.51454444444445,9.686827603238143,3.2706924315619967,69.0,63.080069534101035,8.565525089656589
18,187.53655555555557,25.847295477633907,3.3090108401084013,164.0,102.39270181317276,-85.1438537423828
19,71.19533333333334,14.941927075150021,3.2105105105105105,74.0,20.920616941100064,-50.27471639223327
20,105.62576666666666,12.887873992480971,3.1273504273504273,104.0,183.0309041073643,77.40513744069764
21,59.70322222222222,17.27942433158469,3.1775462962962964,48.0,52.963435901992796,-6.7397863202294275
22,56.998999999999995,15.555787033278623,3.006150793650794,56.0,58.923520069503475,1.9245200695034796
23,79.393,18.739109463449587,3.1558730158730155,70.0,22.835483625977513,-56.557516374022484
24,59.943222222222225,8.566368762216992,2.8698630136986303,73.0,43.62719490714632,-16.316027315075907
25,42.502877777777776,9.661243688786003,3.3049382716049385,45.0,44.860142414394296,2.35726463661652
26,27.84765555555556,5.973783028077085,3.3222222222222224,33.0,11.82141921019908,-16.02623634535648
27,30.717333333333332,5.445987864494806,3.1347222222222224,24.0,36.487553964431726,5.770220631098393
28,39.52333333333333,8.60547291233572,3.2777777777777777,44.0,27.65371175605455,-11.869621577278785
29,119.66677777777778,17.38893486653967,3.1351351351351355,111.0,102.21375220993839,-17.45302556783939
30,23.766333333333332,5.1827187889122275,3.225287356321839,29.0,16.616153375776037,-7.150179957557295
31,26.91943333333333,7.189814559109436,3.1881720430107525,31.0,51.85057288467136,24.931139551338028
32,12.999222222222222,3.9109239770873594,3.605228758169935,17.0,12.911495510346384,-0.08772671187583825
33,57.47186666666666,8.671078214256445,3.2472868217054263,43.0,27.077555926251854,-30.39431074041481
34,92.32855555555555,17.162140300320644,3.0713151927437643,98.0,130.30074736258499,37.97219180702943
35,67.89133333333334,13.910923135144916,3.1265700483091785,69.0,26.448981739300336,-41.442351594033
36,39.39177777777778,8.75642089648245,3.591812865497076,38.0,43.50553193792533,4.1137541601475505
37,21.15088888888889,5.1499295608675695,3.4803030303030305,22.0,0.4265063643607601,-20.724382524528128
38,17.532777777777778,5.044396162742538,3.8693121693121695,21.0,5.889382356337342,-11.643395421440434
39,16.70777777777778,4.121736237677488,3.5317460317460316,21.0,18.352334668757784,1.644556890980006
40,54.94166666666667,9.74984185985264,3.4521072796934864,58.0,75.22795900795727,20.286292341290597
41,84.40755555555556,20.50569048513509,3.093075684380032,69.0,91.63994441305681,7.232388857501249
42,37.188655555555556,6.889721540272644,3.2194444444444446,36.0,35.03825348589161,-2.150402069663947
43,43.6133,8.701589589316363,3.215217391304348,46.0,37.04723709657784,-6.566062903422164
44,14.134222222222222,3.3886817488525303,3.6438888888888887,20.0,3.6853430360744612,-10.44887918614776
45,110.2809888888889,25.26679194075503,3.1991725768321513,94.0,70.58842331503494,-39.692565573853955
46,153.00555555555556,25.186781985131454,3.0840888888888887,125.0,117.76541002499026,-35.2401455305653
47,19.85321111111111,4.378926261325069,3.3078703703703702,24.0,30.346846474797058,10.493635363685947
48,31.077333333333335,6.92844126964834,3.073529411764706,34.0,36.4167033955078,5.339370062174467
49,22.451555555555558,5.386149509791085,3.4732510288065845,27.0,2.660058558154696,-19.791496997400863
50,45.821000000000005,10.200523014790997,2.9171428571428573,35.0,53.245925780819455,7.42492578081945
51,16.366333333333333,2.8299376457179553,2.82463768115942,23.0,13.215140852306545,-3.151192481026788
52,61.10888888888889,15.097889163009738,3.3364522417153997,57.0,40.42591323731827,-20.682975651570622
53,75.4888888888889,11.982468602409957,2.9915173237753883,93.0,98.57627059102698,23.08738170213809
54,34.28511111111111,7.734951209428197,3.3681681681681686,37.0,51.95907770324919,17.673966592138086
55,86.33044444444444,17.724342678806327,3.095833333333333,80.0,126.52935773723274,40.198913292788305
56,51.75811111111112,10.576094083116477,2.916565656565657,55.0,30.039954204436714,-21.718156906674405
57,103.00111111111111,16.340128205212977,3.1307588075880757,82.0,87.0765019701203,-15.92460914099081
58,78.25544444444444,11.767568091539292,2.9587654320987653,90.0,91.21702797078325,12.961583526338813
59,72.25166666666667,15.515889952279108,2.905320813771518,71.0,107.4940473382345,35.24238067156783
60,117.65188888888889,17.571684953991948,3.044542772861357,113.0,89.46401179419286,-28.187877094696034
61,67.43077777777778,12.74976635412955,3.0024691358024693,72.0,61.17121317884404,-6.259564598933736
62,79.34488888888889,12.535940532871695,3.1805890227576974,83.0,35.45387609568885,-43.89101279320004
63,48.33744444444444,15.70549539271483,3.0805555555555557,32.0,19.42665882665651,-28.910785617787933
64,51.425444444444445,12.974170897379413,3.225985663082437,62.0,72.31769521404912,20.89225076960468
65,31.598222222222223,5.552928486980818,3.259259259259259,24.0,53.025609126949156,21.427386904726934
66,52.91398888888889,11.191991613684047,3.480952380952381,42.0,51.00881750229422,-1.9051713865946667
67,55.369,12.126553374375305,3.199616858237548,58.0,83.15130651169174,27.782306511691743
68,52.27397777777778,14.23949843673708,3.2713947990543732,47.0,61.72605454626974,9.452076768491956
69,50.35155555555556,14.697326892254177,3.4972839506172835,45.0,34.110163973562415,-16.241391581993142
70,17.638277777777777,3.505628376658165,4.032510288065843,27.0,20.82547581659058,3.1871980388128023
71,15.139777777777777,3.9120801035484036,3.173333333333334,20.0,26.782543692973334,11.642765915195557
72,38.94632222222222,7.703550592192339,3.254545454545455,33.0,38.24867599066116,-0.697646231561059
73,26.223777777777777,6.292047161151313,3.1176767676767674,22.0,46.73921154351593,20.515433765738152
74,120.30755555555555,24.910272972722137,3.148671497584541,92.0,0.0,-120.30755555555555
75,65.27985555555556,15.338430234465099,3.295264116575592,61.0,92.10669393873755,26.826838383181993
76,66.22232222222222,14.552432313648488,3.65906432748538,57.0,69.1045517229062,2.8822295006839767
77,79.81277777777777,15.509792269472776,3.579444444444444,80.0,67.88047416945055,-11.932303608327217
78,64.92233333333334,12.431103348031433,3.0141552511415526,73.0,67.90099519391504,2.9786618605816955
79,44.056888888888885,8.234508048238485,3.0138138138138135,37.0,0.27383747409837744,-43.783051414790506
80,51.83555555555555,13.351222989144762,3.4328703703703702,48.0,46.14214838255799,-5.69340717299756
81,96.61855555555556,18.36511149876437,3.0107602339181287,95.0,113.87040597065304,17.25185041509748
82,19.137877777777778,3.987803309102005,3.7129629629629632,24.0,33.27975557616217,14.141877798384389
83,10.809666666666667,2.4951181323500546,2.9269841269841272,14.0,8.008502515267315,-2.8011641513993517
84,103.73222222222222,20.237799530524626,3.062152777777778,96.0,61.7988031819416,-41.93341904028062
85,9.727666666666666,3.1229228782297502,3.7230158730158727,14.0,7.287204032845412,-2.4404626338212543
86,5.052444444444445,2.2523043436510664,4.052777777777778,8.0,7.364953616452707,2.3125091720082622
87,58.827444444444446,13.614990627989782,3.4611111111111112,52.0,68.49723826422172,9.669793819777276
88,33.29222222222222,8.587692758614189,3.3774305555555557,32.0,24.473775008071232,-8.81844721415099
89,36.80677777777778,12.458298964791695,3.2444444444444445,31.0,46.25263795336464,9.445860175586859
90,38.99788888888889,10.705752259798926,3.2707729468599034,46.0,40.890798630429146,1.892909741540258
91,113.77722222222224,22.413192946118805,3.210808080808081,110.0,168.8820903933737,55.10486817115145
92,18.432222222222222,3.88156512443511,3.5594771241830068,17.0,11.962022903149222,-6.470199319073
93,78.68611111111112,16.271857948959337,2.931011608623549,67.0,65.79488107406253,-12.891230037048587
94,57.107188888888885,13.104088499905606,3.1260101010101007,44.0,45.911091705993144,-11.196097182895741
95,93.06377777777777,15.968920487092927,3.0478927203065136,87.0,24.96366282406605,-68.10011495371172
96,106.77044444444445,13.418586883780018,3.180019493177388,114.0,122.57889124004285,15.8084467955984
97,34.888333333333335,6.209134671658083,3.126495726495726,39.0,39.44222501045135,4.553891677118017
98,57.205222222222226,15.183657479159768,2.917730496453901,47.0,57.35148043400006,0.14625821177783394
99,23.851322222222223,5.779824346749296,3.4608187134502923,19.0,21.05371556856319,-2.797606653659031
100,81.65688888888889,15.500360970385005,2.951648351648352,91.0,23.86950317879144,-57.787385710097446
101,61.92744444444445,15.621217533085563,2.9631027253668765,53.0,48.90269951626086,-13.024744928183587
102,57.729222222222226,14.165890686392665,3.127136752136752,52.0,47.83690098054456,-9.892321241677664
103,49.97343333333334,11.019200515514882,3.2350427350427347,52.0,29.927158519185692,-20.046274814147647
104,63.797555555555554,10.62896723672393,3.0799707602339184,76.0,58.65273848039079,-5.144817075164767
105,42.531,11.300132250394439,3.120538720538721,33.0,51.12334349558956,8.59234349558956
106,18.00751111111111,3.098766424532145,3.4277777777777776,24.0,34.990267897945984,16.982756786834873
107,27.89437777777778,4.971458178188582,3.572592592592593,45.0,30.329247509152527,2.4348697313747465
108,19.36563333333333,3.549149777755767,4.124444444444444,30.0,21.859446549130222,2.493813215796891
109,66.94233333333334,11.852635420213273,3.1957142857142857,70.0,64.45054167907132,-2.491791654262016
110,29.576355555555555,6.573397916168975,3.723076923076923,39.0,1.2012257088306102,-28.375129846724946
111,26.814544444444447,5.732006808140085,3.083174603174603,35.0,26.459065698630702,-0.3554787458137447
112,75.25366666666666,15.847487054894737,3.134666666666667,75.0,77.51993873774934,2.266272071082682
113,48.57066666666666,10.667582500477527,3.426190476190476,56.0,108.39132244907599,59.820655782409325
114,12.261222222222223,3.335375870460993,3.022222222222222,14.0,11.08193195419102,-1.1792902680312025
115,70.89766666666667,13.768965270009994,2.987127371273713,82.0,81.5871681471605,10.689501480493831
116,15.663222222222222,4.077554573316834,3.333744855967078,27.0,15.39137314091231,-0.27184908130991303
117,9.691833333333333,2.011320217383083,3.606535947712418,17.0,4.02851695286555,-5.6633163804677835
118,148.27388888888888,19.211185452864928,3.1532539682539684,140.0,232.99928039843257,84.7253915095437
119,78.761,16.18073949019137,3.3702380952380953,84.0,108.3724987937215,29.61149879372151
120,24.232333333333333,6.090772362970733,3.342962962962963,30.0,33.81660824236473,9.584274909031397
121,69.81444444444445,14.248746770132133,3.3601010101010105,66.0,38.07025447382343,-31.744189970621015
122,48.42154444444445,10.481535571480201,3.5069444444444446,40.0,82.38427798114753,33.962733536703084
123,15.01222222222222,4.223599236653516,3.8955555555555557,20.0,4.489772383674162,-10.52244983854806
124,48.89054444444445,10.362664798880527,3.328301886792453,53.0,63.236425857934265,14.345881413489813
125,23.842333333333332,4.573887056868451,3.2941520467836254,19.0,49.95511992455172,26.112786591218384
126,77.23822222222222,12.461360015391929,3.0395913154533845,87.0,38.98458982240849,-38.25363239981373
127,8.213966666666666,2.31325605168865,3.615384615384615,13.0,5.888191329483575,-2.3257753371830914
128,85.47822222222223,14.49666219450267,2.9322344322344325,91.0,89.73723298707682,4.259010764854594
129,67.85611111111112,12.700104104186646,3.091512345679012,72.0,50.774161147387034,-17.081949963724085
130,55.060633333333335,12.304544217163624,3.2264367816091952,58.0,12.370378032662863,-42.69025530067047
131,124.30976666666668,17.888235527666176,3.15632183908046,116.0,128.5712903667216,4.261523700054923
132,70.09644444444444,12.324603629801262,2.8539682539682536,70.0,32.86458781827998,-37.231856626164465
133,40.407000000000004,11.169735237726048,3.0160493827160497,36.0,49.9752246723379,9.568224672337898
134,131.76500000000001,23.01753880623707,2.996977777777778,125.0,71.19103288809147,-60.573967111908544
135,88.37222222222222,17.549570805455062,3.211385459533608,81.0,156.8577960572611,68.48557383503889
136,49.43410000000001,11.313948519515517,3.325641025641026,39.0,30.074389210660613,-19.359710789339395
137,111.69066666666666,20.136999531021484,3.0462772050400915,97.0,93.70503394032197,-17.98563272634469
138,24.443333333333335,6.649572090650949,3.564874551971326,31.0,34.38586959161965,9.942536258286317
139,35.58744444444444,7.466035236978209,3.4046511627906977,43.0,13.68578670457321,-21.901657739871233
140,112.22911111111112,20.792887161343646,3.2503850385038504,101.0,124.99292424811757,12.763813137006451
141,5.877,1.8510406729820135,3.9288888888888893,10.0,9.718038983458916,3.8410389834589163
142,63.53944444444445,10.87046574579888,3.0451754385964915,76.0,12.470148605554957,-51.06929583888949
143,69.85411111111111,12.594494864280664,2.7885668276972626,69.0,76.30282814550549,6.448717034394377
144,98.7221111111111,20.378218846560213,2.9270753512132823,87.0,111.55020015594056,12.828089044829454
145,174.07188888888888,27.556351615726236,3.1992492492492492,148.0,242.11858092229483,68.04669203340595
146,74.82876666666667,15.062730784879381,3.1613960113960116,78.0,28.549018605434938,-46.27974806123173
147,126.25477777777778,19.763370170895957,3.1278317152103563,103.0,42.89779965270158,-83.3569781250762
148,94.80799999999999,18.838865766568496,3.149313358302122,89.0,119.55011797650342,24.742117976503422
149,90.014,14.353412842412043,3.1089430894308943,82.0,103.38038918820601,13.366389188206014
150,58.634888888888895,8.971820333682297,2.9940298507462684,67.0,65.97869911263467,7.343810223745777
151,154.83655555555555,23.92637340221607,3.3957446808510636,141.0,181.65797927400618,26.82142371845063
152,94.9558888888889,16.411923720643927,2.8987373737373736,88.0,62.669712936936506,-32.28617595195239
153,82.00055555555556,12.948389285202571,2.935947712418301,85.0,91.5230216540726,9.522466098517029
154,152.24077777777777,29.48379178531741,3.3482612383375745,131.0,174.54956841790187,22.3087906401241
155,52.02566666666667,9.866129331076507,3.141910331384016,57.0,33.44336228811643,-18.58230437855024
156,77.90422222222222,11.994098640467039,3.217916666666667,80.0,150.5800782886118,72.67585606638957
157,86.34766666666667,14.983389083480628,2.880260047281324,94.0,106.8048502219587,20.457183555292033
158,56.12533333333333,12.029753861884627,3.0549382716049385,54.0,22.69418039250114,-33.43115294083219
159,70.5731111111111,12.79798321931615,3.2005050505050505,66.0,93.7406264973692,23.167515386258103
160,105.30288888888889,19.515924540274096,3.038555555555555,100.0,53.98449107789675,-51.31839781099214
161,62.254333333333335,10.119716438048886,3.1043478260869564,69.0,86.75404697479193,24.499713641458598
162,81.349,11.552414315494994,2.941697877652934,89.0,128.47429587833665,47.125295878336644
163,61.297333333333334,13.010303332704767,3.138142620232173,67.0,36.14451451894455,-25.152818814388787
164,35.501777777777775,6.558988442455492,3.073280423280423,42.0,52.60256040620159,17.100782628423815
165,36.876555555555555,7.501932209697801,2.9699494949494953,44.0,44.487524947779306,7.610969392223751
166,73.67333333333333,13.154768178979694,3.125788751714678,81.0,103.95528942699703,30.281956093663695
167,112.64922222222222,12.77293295379715,3.0219373219373216,117.0,219.48534932849032,106.8361271062681
168,92.2578777777778,16.097657975952163,3.1646783625730994,95.0,80.93838437062179,-11.319493407156003
169,53.63722222222223,7.787573077952102,2.922530864197531,72.0,33.42306514993818,-20.214157072284046
170,65.74844444444444,11.672368881502486,3.140796019900497,67.0,36.50634941506174,-29.242095029382703
171,66.10233333333333,10.449548568282696,3.1214506172839505,72.0,39.13885163655981,-26.963481696773528
172,82.53087777777779,14.176086769134049,3.0094696969696972,88.0,79.3492418997212,-3.181635878056582
173,106.21644444444443,20.785504365070434,3.1953795379537953,101.0,124.33441933455669,18.11797489011225
174,76.62376666666667,14.03699744779625,3.1180076628352493,87.0,87.2243122900051,10.600545623338434
175,34.27688888888889,5.538980485520447,2.8224867724867724,42.0,48.45352304786783,14.176634158978942
176,69.09266666666667,12.454678449518436,3.1478395061728395,72.0,69.54183435744481,0.44916769077813967
177,71.15033333333334,16.021691788098064,2.8515151515151516,66.0,122.86005038388441,51.70971705055108
178,73.20021111111112,12.631681481292146,2.9434722222222223,80.0,63.513743078602865,-9.686468032508252
179,79.31,13.667531771285603,3.1678030303030305,88.0,187.17830830111134,107.86830830111134
180,54.00288888888889,7.665821011820487,2.9581790123456786,72.0,70.8968110202686,16.89392213137971
181,118.78832222222223,19.706141467742775,3.175730994152047,114.0,67.87816821882723,-50.91015400339501
182,191.88711111111112,30.50724460817498,3.1988194444444447,160.0,89.14187722935712,-102.745233881754
183,130.27977777777778,23.016399086658936,2.951756885090218,117.0,161.70797729867272,31.428199520894935
184,98.71944444444445,20.12267793072334,3.04020618556701,97.0,87.68938343375638,-11.030061010688073
185,37.586555555555556,7.974502789771278,3.162330623306233,41.0,51.00496517449882,13.418409618943265
186,75.23488888888889,15.054416668322645,3.1191780821917807,73.0,93.03687894030507,17.801990051416183
187,119.4648888888889,20.770161194726704,3.1073707370737074,101.0,115.11463990966294,-4.350248979225952
188,136.356,18.98010210602294,3.2324929971988796,119.0,78.62329788953228,-57.73270211046771
189,94.56955555555555,15.997498744878351,3.2398830409356725,95.0,22.94034116900104,-71.62921438655451
190,81.55266666666667,12.733328276172116,3.2274154589371977,92.0,63.34542414286446,-18.207242523802208
191,82.66388888888889,15.05100681200202,2.915011820330969,94.0,118.06051627815586,35.39662738926697
192,66.09633333333333,13.211341777920726,2.8296849087893863,67.0,73.171739071639,7.075405738305662
193,102.57633333333334,21.787545945209313,3.0382850241545896,92.0,38.68467522762311,-63.89165810571023
194,124.21311111111112,22.283656259232924,3.139339339339339,111.0,134.9687819036501,10.755670792538979
195,75.86866666666667,14.320159923154456,2.88359173126615,86.0,90.48542458842695,14.616757921760282
196,148.81466666666665,22.973192594359368,3.0647008547008547,130.0,83.04919179210357,-65.76547487456308
197,121.50422222222221,30.251360410593687,3.0509416195856875,118.0,130.84334693919226,9.339124716970048
198,94.88466666666667,16.990994653811256,3.1082766439909295,98.0,97.64622409008796,2.76155742342128
199,49.92688888888889,11.134259070261265,2.9678571428571425,56.0,21.39441335734401,-28.53247553154488
200,135.81766666666667,24.680081585737348,3.082323232323233,110.0,160.11458888933151,24.296922222664847
201,90.35631111111111,16.325371615877675,3.017076023391813,95.0,115.69152167652375,25.335210565412638
202,116.90388888888889,22.63909215704952,3.0006230529595017,107.0,180.21033998545667,63.306451096567784
203,47.61222222222223,8.56750954042908,3.0732510288065846,54.0,72.69915096208202,25.086928739859786
204,105.50977777777777,16.270158109062212,3.061320754716981,106.0,32.83098334557565,-72.67879443220212
205,32.467444444444446,8.5893505478562,3.278632478632479,39.0,17.243053253417873,-15.224391191026573
206,40.12431111111111,10.70031054326682,3.541304347826087,46.0,50.45702875844837,10.332717647337255
207,41.77122222222222,11.46237428860552,3.1984444444444446,50.0,52.50195578732704,10.73073356510482
208,34.67755555555556,8.096279393954285,3.115915915915916,37.0,43.607852933374716,8.930297377819159
209,104.44699999999999,16.797387601193204,3.3299145299145296,91.0,305.6501230022068,201.20312300220678
210,40.333666666666666,8.744437904729091,3.1625322997416023,43.0,51.84672044739732,11.513053780730651
211,147.37622222222222,23.81647897908711,3.01448087431694,122.0,231.0539092898102,83.67768706758798
212,163.04022222222224,24.30835764990008,3.190873015873016,140.0,240.81055198238406,77.77032976016181
213,65.287,12.076203217787588,2.9898989898989896,66.0,86.55069031200082,21.26369031200082
214,129.23165555555556,26.05057690368596,3.149149149149149,111.0,108.8602723402449,-20.371383215310658
215,112.30833333333334,21.403857168402926,3.0922008547008546,104.0,154.92761743578234,42.619284102449
216,104.78566666666667,18.40128958902951,2.8931623931623935,104.0,64.29516400560209,-40.49050266106458
217,73.48811111111111,13.296768627849834,2.8452574525745256,82.0,64.78643506846696,-8.701676042644152
218,34.913555555555554,8.508363936674392,3.4254742547425474,41.0,26.440671959669082,-8.472883595886472
219,53.53443333333333,13.565802664557221,3.5743434343434344,55.0,55.725976161683896,2.1915428283505634
220,15.739766666666666,5.158467976666341,3.375,16.0,33.95585954288774,18.21609287622107
221,58.830666666666666,11.930300183646265,3.0003898635477584,57.0,3.904438604849527,-54.92622806181714
222,61.96911111111111,14.219043777363224,3.198529411764706,68.0,83.23257810533636,21.263466994225247
223,19.340333333333334,6.008463403559191,3.063888888888889,24.0,3.745102072950868,-15.595231260382466
224,38.04888888888889,8.809866078698036,3.40048309178744,46.0,29.0706473266148,-8.97824156227409
225,67.99444444444444,17.701604581056202,3.348095238095238,70.0,105.01573987856554,37.0212954341211
226,63.67,16.23415846675138,3.334761904761905,70.0,65.71635440790405,2.0463544079040474
227,32.651555555555554,6.6862032878900175,3.286178861788618,41.0,15.056533809921243,-17.595021745634313
228,42.53977777777778,8.979653903114825,3.222875816993464,51.0,27.325347360008173,-15.214430417769606
229,138.67222222222222,22.958357699641102,3.2465020576131685,135.0,185.79288725321788,47.12066503099567
230,67.62311111111111,14.549729110142467,3.5403880070546734,63.0,42.928279166883165,-24.69483194422795
231,82.44555555555556,13.012501086238222,3.1113636363636363,88.0,91.36857989198452,8.923024336428966
232,63.745777777777775,11.06870169683116,3.355379188712522,63.0,65.19828396749426,1.4525061897164875
233,74.454,13.568156689655979,2.9611940298507466,67.0,50.196873859678256,-24.257126140321738
234,86.50966666666666,15.402868801082825,3.0277777777777777,80.0,179.24561092641872,92.73594425975206
235,194.56144444444442,30.358084481662466,3.084087791495199,162.0,256.22954476594555,61.66810032150113
236,82.96944444444445,15.449820359023358,3.1037037037037036,90.0,0.0,-82.96944444444445
237,127.89277777777778,26.720372862389446,3.0838574423480085,106.0,139.8158579000349,11.923080122257119
238,73.31477777777778,14.148810584685132,3.160846560846561,84.0,49.05541397736001,-24.259363800417766
239,86.91955555555556,17.040485955453338,2.982936507936508,84.0,123.9661188561695,37.04656330061394
240,46.76511111111111,8.126226267973475,3.0216049382716053,54.0,28.233950915778575,-18.531160195332536
241,101.14255555555556,19.169506189598586,3.014502923976608,95.0,95.34018710289926,-5.802368452656296
242,120.13455555555556,17.607932466797624,3.043425925925926,120.0,150.46776671631886,30.333211160763298
243,60.38222222222222,11.8112204107159,3.0685534591194967,53.0,86.52033348443392,26.1381112622117
244,32.9661,8.632215771441254,3.0701754385964914,38.0,13.181554307679287,-19.784545692320712
245,45.04354444444444,11.525449422284712,3.115972222222222,48.0,37.50998380278276,-7.53356064166168
246,51.12788888888889,10.782028586353956,3.1010416666666667,64.0,38.98641334022083,-12.141475548668062
247,50.27631111111111,13.827336512348207,3.06360153256705,58.0,33.85281923368141,-16.423491877429704
248,24.486666666666668,7.604174784768124,3.17037037037037,27.0,46.1017114151749,21.61504474850823
249,60.590666666666664,15.225711311588048,3.1622222222222223,60.0,72.85972259413246,12.2690559274658
250,87.99065555555555,16.82788951841763,3.2962962962962967,87.0,32.51765269484465,-55.4730028607109
251,38.30455555555555,9.268657243830978,3.439130434782608,46.0,55.88370252720058,17.57914697164503
252,28.237222222222222,6.185306261258861,3.136200716845878,31.0,58.199120284878084,29.961898062655862
253,96.25577777777778,17.40609159659812,3.1907216494845363,97.0,145.9461511192211,49.69037334144332
254,73.1421111111111,9.354029414089439,2.8566137566137564,84.0,17.577147676764334,-55.56496343434677
255,131.171,22.575268861240687,2.9894353369763205,122.0,99.41226621403047,-31.758733785969525
256,80.9831111111111,15.563384690395063,3.023361823361823,78.0,132.28231429235396,51.29920318124286
257,81.23666666666666,14.90750945672171,2.872507122507123,78.0,52.49231242234116,-28.744354244325507
258,62.16955555555556,12.920974839828673,2.7296296296296294,60.0,75.96558385294148,13.796028297385917
259,65.70622222222222,12.354398623296927,2.9641481481481478,75.0,91.15536084998661,25.449138627764384
260,39.28344444444445,7.053516480739937,3.109259259259259,48.0,21.076933602394295,-18.206510842050154
261,54.227333333333334,12.40909930728163,3.5735353535353536,55.0,52.61338267085904,-1.613950662474295
262,56.100655555555555,13.364087085229503,3.154597701149425,58.0,0.0,-56.100655555555555
263,193.4201111111111,28.2298283355157,3.197377501725328,161.0,94.35152540724742,-99.06858570386369
264,41.16411111111111,10.90022522130419,3.3801418439716313,47.0,35.965739387573116,-5.198371723537996
265,60.201100000000004,15.322176060764956,3.22921146953405,62.0,22.64213994210795,-37.55896005789205
266,46.69643333333333,12.691680304236467,3.6231111111111107,50.0,84.810326146645,38.113892813311665
267,15.432222222222224,4.1189383866730145,3.0804232804232803,21.0,4.39709244528043,-11.035129776941794
268,46.92888888888889,9.934409777534102,3.235648148148148,48.0,36.60348947770345,-10.325399411185444
269,52.28798888888889,13.118972939121539,3.357662835249042,58.0,55.70606981511992,3.4180809262310277
270,31.81698888888889,8.141957474509988,3.2444444444444445,35.0,54.745477000923366,22.928488112034476
271,81.98666666666666,15.076241074744729,2.882091503267974,85.0,23.125890882650847,-58.860775784015814
272,28.476999999999997,6.3294229017867725,3.047712418300654,34.0,45.038707085058384,16.561707085058387
273,72.30422222222222,13.592502310140912,2.935754985754986,78.0,72.67416898120912,0.36994675898689877
274,67.421,12.82886037570469,2.949826388888889,64.0,34.333852618848056,-33.08714738115195
275,37.75577777777778,11.128999670137812,3.4623582766439904,49.0,46.47931582008933,8.723538042311553
276,60.43577777777778,9.142947546480995,2.9428794992175273,71.0,66.45094154087295,6.015163763095167
277,28.948222222222224,6.921727487465578,3.278125,32.0,20.2606164514617,-8.687605770760523
278,49.419333333333334,8.883260171856888,2.9517857142857142,56.0,51.144119586075035,1.7247862527417013
279,55.928999999999995,10.1377869235778,2.9553791887125223,63.0,45.15389792055931,-10.775102079440686
280,28.063555555555553,11.417556785333588,3.4358024691358025,18.0,29.65640571804434,1.5928501624887872
281,63.041666666666664,8.23524356147734,3.0165204678362576,76.0,83.91257730313215,20.87091063646549
282,97.47933333333333,16.728952686212246,2.8897342995169084,92.0,174.78126427998575,77.30193094665242
283,75.49855555555555,15.809059524800222,3.0830808080808083,88.0,28.77191445270227,-46.726641102853286
284,113.06255555555555,19.882241331450732,3.148397435897436,104.0,233.64565776751965,120.5831022119641
285,39.501999999999995,9.238914547849866,3.0925925925925926,45.0,0.9463138716310651,-38.55568612836893
286,65.812,17.940565496580042,3.49799635701275,61.0,60.817359662759095,-4.994640337240902
287,7.258333333333334,2.64921113973978,3.962393162393162,13.0,9.393434528533607,2.1351011952002734
288,73.3468888888889,12.971755890641482,2.9520671834625323,86.0,83.65182853961029,10.304939650721394
289,53.29611111111111,11.27658812597128,2.9299999999999997,60.0,36.70237971251415,-16.593731398596958
290,45.524544444444444,11.872650254725611,2.975873015873016,35.0,40.78720912631066,-4.737335318133788
291,75.01032222222223,11.823833430190641,2.9472541507024266,87.0,56.52024273991433,-18.490079482307898
292,45.801,16.829423140988137,3.5050793650793652,35.0,32.30425238359908,-13.496747616400924
293,53.50155555555556,10.916954025437139,2.9985858585858587,55.0,76.229072452499,22.727516896943435
294,70.235,12.4445876733442,3.1535655058043117,67.0,82.77249132837755,12.537491328377556
295,69.42443333333333,13.162992424754997,3.175877192982456,76.0,45.372005332233186,-24.05242800110014
296,40.167122222222226,8.693958457403117,3.201666666666666,40.0,58.23429129603386,18.067169073811634
297,65.54455555555556,15.543474743557837,3.005649717514124,59.0,75.61546081470182,10.070905259146258
298,64.71933333333332,12.464300103842639,2.917996870109546,71.0,91.02328054492246,26.303947211589133
299,32.76722222222222,8.14791239931532,3.3618618618618616,37.0,43.08281631263794,10.315594090415715
300,127.54266666666666,17.959576757356242,3.1153127917833796,119.0,74.67654949348487,-52.86611717318179
301,93.34911111111111,16.588584313861066,3.0043895747599447,81.0,67.20291002926875,-26.146201081842364
302,73.94511111111112,13.895638329859379,3.2094814814814816,75.0,101.57446544284231,27.629354331731193
303,60.36944444444445,12.087803711356937,3.2616666666666667,60.0,78.79330135925764,18.423856914813193
304,52.26566666666667,14.205673344426145,3.1618233618233615,39.0,51.71944879520058,-0.5462178714660908
305,124.04144444444444,17.154848468582426,3.0724556489262373,119.0,131.3181734936986,7.276729049254158
306,43.971444444444444,13.13656219980947,3.0114942528735633,29.0,72.06182993633325,28.09038549188881
307,113.15655555555556,20.96623444681714,3.0587301587301585,105.0,79.68646519261618,-33.470090362939374
308,77.20133333333334,15.58033644038234,3.0619482496194825,73.0,98.31965697808424,21.1183236447509
309,98.14688888888888,13.314315489495058,2.9883161512027487,97.0,88.22459899259933,-9.922289896289556
310,23.30811111111111,6.453756661332638,3.1367521367521367,26.0,20.771242275300903,-2.536868835810207
311,146.7438888888889,27.741805175033907,3.160734463276836,118.0,227.3632830297346,80.61939414084569
312,114.21455555555555,20.672537238270138,3.0738317757009344,107.0,161.35183627953413,47.13728072397858
313,57.5608888888889,11.889204114737774,3.1975555555555553,50.0,80.9740577728255,23.413168883936606
314,90.72022222222222,15.6053705807103,3.025085910652921,97.0,149.93688596794337,59.21666374572115
315,35.23122222222222,6.5270240009986935,3.1155555555555554,40.0,35.60121772826427,0.369995506042045
316,26.410988888888888,7.098144632549709,3.467361111111111,32.0,35.41651506269692,9.005526173808029
317,33.79582222222222,5.597675658434375,3.5831196581196583,52.0,28.552962148573254,-5.242860073648966
318,27.203,6.769853607366156,3.129166666666667,32.0,31.612148643371544,4.4091486433715446
319,31.538,6.750320375251782,3.1553140096618355,46.0,29.485774175675985,-2.0522258243240152
320,71.55633333333333,11.845032567150414,3.1600529100529102,84.0,75.02667113483697,3.4703378015036463
321,23.847333333333335,7.747161974018963,2.9391812865497076,19.0,30.943787318967946,7.096453985634611
322,36.60522222222222,7.954677830576466,3.172222222222222,28.0,21.629647253932337,-14.97557496828988
323,40.66477777777778,9.06631080004961,2.8757777777777775,50.0,83.20800957317734,42.54323179539956
324,60.10955555555555,12.114641425931739,3.234545454545455,55.0,29.87392671400012,-30.23562884155543
325,54.239000000000004,10.931463511094115,3.179727095516569,57.0,21.3108119155031,-32.92818808449691
326,46.797333333333334,14.179077464800349,3.3225146198830413,38.0,73.89558362540359,27.098250292070254
327,36.59077777777778,8.970975574543228,3.070555555555556,40.0,51.07455463265512,14.483776854877341
328,50.04866666666667,12.35250947528796,3.033618233618234,39.0,65.66684900851882,15.618182341852155
329,30.903888888888886,7.984557946780343,3.317361111111111,32.0,40.61304878995669,9.709159901067807
330,43.687111111111115,11.46971735831579,3.095238095238095,35.0,43.41959804805327,-0.26751306305784794
331,35.30431111111111,7.760771470171937,3.224324324324324,37.0,19.46583737274098,-15.83847373837013
332,12.97311111111111,4.732463463879443,3.084313725490196,17.0,13.464821589199062,0.4917104780879509
333,77.52711111111111,12.740109029258864,3.1289732770745426,79.0,51.27791548681628,-26.249195624294828
334,55.18688888888889,12.691139317591894,3.1185185185185187,39.0,82.09380107963308,26.906912190744194
335,80.65155555555556,17.291030532588312,2.910185185185185,84.0,74.72135226851843,-5.930203287037131
336,36.92233333333333,10.663980437155955,3.1240740740740742,48.0,21.682692000480642,-15.239641332852685
337,31.179666666666666,6.276704110787924,3.073063973063973,33.0,26.169314959603444,-5.010351707063222
338,31.63288888888889,6.192561729529426,3.3884615384615384,26.0,38.163996294802956,6.531107405914067
339,46.06666666666667,12.753309418484113,3.260493827160494,36.0,33.082211133748444,-12.984455532918226
340,44.49397777777778,8.795962683390062,3.2137681159420293,46.0,26.202049773393554,-18.291928004384225
341,30.868666666666666,7.006006604287911,3.4562289562289563,33.0,34.62981631790334,3.761149651236675
342,18.783,5.1313433092420695,3.6005291005291005,21.0,21.08360355256757,2.300603552567569
343,173.81266666666667,27.767250728757922,3.1625,152.0,129.7560940868048,-44.056572579861864
344,26.770333333333333,8.097758248533072,3.422222222222222,35.0,20.465407106247813,-6.30492622708552
345,10.770333333333333,3.041314932205136,3.3333333333333335,14.0,12.019960920993764,1.2496275876604308
346,51.617222222222225,15.680637099228553,3.4526205450733753,53.0,14.244176596428368,-37.37304562579386
347,32.93977777777778,8.138580747235716,3.1593650793650796,35.0,9.759005798659732,-23.180771979118045
348,77.82744444444445,13.920033220378082,3.049322493224932,82.0,49.870105586466394,-27.95733885797806
349,31.4281,7.945712288801079,3.5688271604938273,36.0,28.073980785642448,-3.354119214357553
350,30.927111111111113,6.819825238204455,2.982222222222222,40.0,35.734847524378395,4.807736413267282
351,28.183655555555557,9.862290443408028,3.216666666666667,18.0,48.97412127568239,20.790465720126836
352,28.4935,7.073893753589932,3.652160493827161,36.0,40.712362236853366,12.218862236853365
353,63.45711111111112,12.732738855075937,2.854188034188034,65.0,58.38249257769264,-5.07461853341848
354,32.63988888888889,7.285852304826136,3.201754385964912,38.0,32.329545432373,-0.3103434565158878
355,68.37665555555556,10.860634468565827,3.1176190476190477,70.0,34.10185303047085,-34.27480252508471
356,46.69688888888889,15.606378964049858,3.405982905982906,26.0,46.26463596167813,-0.4322529272107616
357,76.01787777777777,15.758521067769049,3.3251082251082256,77.0,65.0462692113124,-10.971608566465363
358,50.32155555555555,8.635441071356977,3.353483992467043,59.0,58.44140553698658,8.119849981431031
359,54.535999999999994,10.118522319616849,3.1084291187739463,58.0,31.97906663121525,-22.556933368784744
360,43.11611111111111,7.796567480750601,3.18525641025641,52.0,54.31221211770643,11.19610100659532
361,65.34555555555556,19.104876200376445,3.0787193973634652,59.0,115.42439345144146,50.0788378958859
362,43.32688888888889,9.898088187261035,3.248062015503876,43.0,40.970769455024225,-2.356119433864663
363,55.819222222222216,9.683618766864617,2.982393162393162,65.0,67.0308401647784,11.211617942556181
364,42.4912,9.148388568362893,3.214092140921409,41.0,57.153723190297605,14.662523190297605
365,46.977777777777774,14.123371321258677,3.313960113960114,39.0,37.553554693703795,-9.42422308407398
366,50.396766666666664,12.684095765736796,3.3851851851851853,51.0,56.043534925443566,5.646768258776902
367,74.52633333333333,12.256902980531303,3.140204678362573,76.0,74.99556606239882,0.46923272906549585
368,66.28133333333334,11.895715516119633,3.2504901960784314,68.0,69.51838435664065,3.237051023307316
369,38.968888888888884,7.298424094088978,3.526172839506173,45.0,23.907222700345045,-15.061666188543839
370,64.215,12.583016130634984,2.9743827160493828,72.0,65.001960420019,0.7869604200189997
371,103.48232222222222,19.933380612626028,3.1326086956521735,92.0,129.24933204261106,25.767009820388836
372,36.89266666666667,9.653770736774428,3.2811369509043926,43.0,63.66094537058995,26.76827870392328
373,58.531222222222226,9.471802959224656,3.3296803652968037,73.0,86.6048691686662,28.073646946443972
374,43.397,10.275509276861966,3.2387706855791962,47.0,90.11782955431451,46.72082955431451
375,20.59788888888889,5.968675439690912,3.7264550264550262,21.0,12.695018969125028,-7.9028699197638606
376,45.68444444444445,9.255127836011985,3.4463312368972745,53.0,65.61018627744856,19.92574183300411
377,34.527544444444445,8.60563977495019,3.211695906432748,38.0,37.69271907027671,3.1651746258322646
378,103.19655555555556,21.96435141192011,3.054964539007092,94.0,216.18661558231358,112.99006002675802
379,47.07544444444444,9.495640651018935,2.9949685534591195,53.0,28.049943931056376,-19.025500513388067
380,18.015333333333334,5.512115399715002,3.5309941520467834,19.0,10.45139888624963,-7.563934447083705
381,47.1392,10.877559750093491,3.296888888888889,50.0,33.011755103942576,-14.127444896057426
382,111.88988888888889,20.962034407575274,3.173817381738174,101.0,0.0,-111.88988888888889
383,58.808211111111106,13.887459160829073,3.147222222222222,68.0,43.348854957246616,-15.45935615386449
384,44.606766666666665,10.344513022083005,3.1984444444444446,50.0,27.675539915180945,-16.93122675148572
385,44.782333333333334,11.75847473961854,3.2535353535353533,44.0,48.149825671953174,3.36749233861984
386,82.85766666666666,14.852191156015714,3.013526570048309,92.0,97.0162180278093,14.158551361142642
387,31.88533333333333,8.358056894768048,3.4048780487804877,41.0,61.796499632672464,29.911166299339133
388,48.47577777777777,11.539658143221661,3.3389830508474576,59.0,71.51204516508257,23.036267387304797
389,57.020222222222216,15.632705918428993,3.1455555555555557,40.0,40.57263489888092,-16.447587323341295
390,31.36677777777778,8.627739275513735,3.396111111111111,40.0,17.276591103538177,-14.090186674239604
391,52.12122222222222,14.34973576296498,3.386111111111111,36.0,64.94093644895324,12.819714226731016
392,17.4153,4.277833662214209,3.5715555555555554,25.0,5.919171314886705,-11.496128685113295
393,24.172555555555558,4.303582140316591,3.2323529411764707,34.0,46.30807493821735,22.135519382661794
394,63.80411111111111,11.864158459097375,3.0322916666666666,64.0,101.43067536681275,37.62656425570164
395,87.33555555555556,13.873693570329273,3.052156862745098,85.0,66.84769744070333,-20.48785811485223
396,14.290444444444445,4.374987103958165,3.1567901234567897,18.0,2.0497175375281014,-12.240726906916343
397,48.96611111111111,9.393519125468858,2.7360587002096435,53.0,82.11304366293483,33.14693255182372
398,56.034888888888894,12.116837968177428,3.1961685823754786,58.0,52.82577513784841,-3.2091137510404835
399,33.75465555555555,10.31542115471424,3.4530864197530864,36.0,54.6456871814117,20.89103162585615
400,19.015888888888888,4.966571601282084,3.4875555555555553,25.0,3.856159288386424,-15.159729600502464
401,11.620111111111111,3.2269345715537274,3.6104166666666666,16.0,8.137708929137304,-3.482402181973807
402,69.43444444444445,12.854978497057092,3.2003472222222222,64.0,69.61649113282722,0.18204668838276916
403,21.19922222222222,4.558739779481683,3.351984126984127,28.0,21.697198245897578,0.4979760236753563
404,77.92322222222222,17.629593342182815,3.5588744588744587,77.0,60.387946347909065,-17.535275874313157
405,90.08822222222221,18.373261322787958,3.336144578313253,83.0,118.14394378043099,28.055721558208774
406,99.07022222222221,15.126281613657747,2.963151927437642,98.0,46.18552562826325,-52.884696593958964
407,31.297333333333334,6.677498657027698,3.656565656565656,22.0,29.069284232063456,-2.228049101269878
408,32.66497777777778,8.570967844838378,3.4993827160493827,36.0,34.629704846094235,1.9647270683164564
409,132.26905555555555,71.19476514785025,4.4704022988505745,116.0,166.29122491658148,34.02216936102593
410,55.82266666666666,8.439931678726618,3.1224043715846994,61.0,75.68478673396503,19.862120067298363
411,113.28522222222222,20.848084773285713,3.0034267912772585,107.0,49.5825575750633,-63.70266464715892
412,35.71366666666667,14.433450571268754,3.361616161616162,22.0,8.319245605535782,-27.394421061130885
413,41.23733333333333,10.059063194927779,3.406111111111111,40.0,67.58132583178472,26.343992498451392
414,46.737,12.146471948122091,3.05010101010101,55.0,54.50267998894509,7.765679988945088
415,44.249544444444446,9.69368018513663,3.3881944444444443,32.0,27.68945031173069,-16.560094132713758
416,15.101544444444443,3.2511543677164263,3.5620370370370367,24.0,26.813939693665034,11.712395249220592
417,93.16777777777779,45.65924120444613,2.9271739130434784,92.0,98.55635208893916,5.388574311161378
418,73.14087777777777,14.360534649234344,3.049777777777778,75.0,116.26829337942269,43.12741560164491
419,29.674,6.432184489220655,3.50940170940171,39.0,30.675771708681786,1.0017717086817868
420,118.43622222222223,20.683907688186803,3.031203703703704,120.0,240.46982180987538,122.03359958765316
421,47.31755555555556,10.10964444535443,3.0746331236897277,53.0,88.84677447117657,41.529218915621016
422,34.893655555555554,9.885133542329505,3.3055555555555554,42.0,30.550020934200067,-4.343634621355488
423,71.607,12.836751965011862,3.3068713450292395,76.0,106.39264054249426,34.785640542494264
424,72.56096666666667,16.276609266094802,3.075641025641026,78.0,95.97551804932479,23.414551382658118
425,43.972766666666665,10.847615101688577,3.117647058823529,51.0,74.06402473266994,30.09125806600327
426,77.03155555555556,14.468116663900991,3.0390476190476194,70.0,39.86677797528794,-37.16477758026762
427,41.97756666666666,8.467942740023375,3.124666666666667,50.0,56.376952116090905,14.399385449424244
428,37.64233333333333,9.092432345365909,3.089655172413793,29.0,57.563117004410564,19.92078367107723
429,52.067777777777785,9.776814556460133,3.415151515151515,66.0,6.280949403736913,-45.78682837404087
430,51.77884444444445,9.123736215900166,3.099786324786325,52.0,21.144965212001516,-30.633879232442936
431,136.42744444444443,23.05390159580399,3.187664041994751,127.0,0.0,-136.42744444444443
432,45.351444444444446,11.479846097812603,3.386601307189543,34.0,39.24244990181145,-6.108994542632999
433,17.094,5.021656425765005,3.2695906432748534,19.0,23.22683366028809,6.132833660288089
434,130.03466666666668,21.69078436322982,2.9379472693032014,118.0,227.71391590847816,97.67924924181148
435,92.66977777777778,15.731392573755608,2.965192743764172,98.0,96.10295119577468,3.4331734179968976
436,76.35244444444444,14.524777691629602,3.0513031550068583,81.0,138.52683342673978,62.17438898229534
437,39.913000000000004,8.796416845843696,3.116222222222222,50.0,12.371005249134521,-27.541994750865484
438,90.82611111111112,11.345037096858198,3.0002157497303132,103.0,13.470309760317733,-77.35580135079339
439,76.81133333333334,17.627900523146042,2.9555555555555557,96.0,74.67798692540943,-2.1333464079239093
440,48.06588888888889,13.651231816208936,3.18989898989899,33.0,57.29611248627788,9.230223597388985
441,98.53833333333334,17.044282131283406,2.934869976359338,94.0,96.92749034036079,-1.6108429929725503
442,107.4601111111111,17.49611561991028,2.9866910866910863,91.0,0.0,-107.4601111111111
443,16.251044444444446,4.847032901998776,3.7888888888888888,26.0,15.526897582937961,-0.724146861506485
444,41.85898888888889,9.310247470726397,3.3527186761229313,47.0,14.557101725125344,-27.301887163763546
445,31.802777777777777,10.90841897603883,3.1865740740740742,24.0,42.45150140493765,10.648723627159875
446,111.67477777777778,16.758067534120762,3.0485485485485486,111.0,132.1446666110721,20.46988883329432
447,47.81988888888889,10.472599721718378,3.3692460317460315,56.0,25.347415413345512,-22.472473475543378
448,29.262111111111114,7.562565181361881,3.0702508960573476,31.0,21.74369569539588,-7.518415415715236
449,87.019,12.492391036956242,2.951066217732884,99.0,40.93314926937266,-46.08585073062734
450,44.86922222222222,10.306974428035355,2.927350427350427,52.0,43.4630410501031,-1.406181172119119
451,44.348222222222226,8.569780901028652,3.1738425925925924,48.0,65.5276541639412,21.179431941718967
452,75.154,13.263288422381565,3.0519841269841272,84.0,38.11337235684927,-37.04062764315073
453,45.987,13.597056228827158,2.981372549019608,34.0,57.57679355455955,11.589793554559549
454,43.54233333333333,8.134968360400611,3.0616557734204792,51.0,31.998006347477194,-11.544326985856138
455,56.958777777777776,12.018440964138792,3.396415770609319,62.0,34.37824404834371,-22.580533729434066
456,30.649888888888885,6.617166047816054,3.4611111111111112,38.0,29.009654568716392,-1.6402343201724925
457,79.97409999999999,17.60764627319683,3.3886334610472537,87.0,38.57781349130036,-41.39628650869963
458,60.022999999999996,11.692202092646232,3.084201388888889,64.0,43.40715387257304,-16.615846127426956
459,35.742666666666665,9.202847361037875,3.066666666666667,26.0,14.334991555580492,-21.40767511108617
460,52.48265555555556,12.145426654109853,3.1724637681159424,69.0,104.03965176165255,51.55699620609699
461,79.737,16.13328024142377,2.9894117647058827,85.0,81.14290492178486,1.4059049217848667
462,61.540000000000006,13.574388971701673,3.29962962962963,60.0,40.00944611906816,-21.530553880931848
463,41.72611111111111,13.934992627844382,3.332323232323233,33.0,46.190385876532,4.464274765420889
464,41.08888888888889,12.031941799670646,3.5077441077441076,33.0,38.78117151246284,-2.307717376426048
465,32.138222222222225,6.616346386082293,2.7965079365079366,35.0,28.587437175145144,-3.550785047077081
466,37.73687777777778,7.877307775749448,3.2958024691358023,45.0,49.32524462513769,11.588366847359914
467,68.62355555555555,13.678692797712152,3.2827327327327325,74.0,94.614991767652,25.991436212096446
468,90.58277777777778,14.290713495037732,2.920289855072464,92.0,66.55564399534752,-24.027133782430255
469,75.02044444444445,14.439877517541426,3.115643274853801,76.0,53.42137427825347,-21.599070166190984
470,47.84111111111111,10.51006125175327,3.229059829059829,52.0,41.26172170874537,-6.5793894023657415
471,110.28933333333335,19.367815176707495,3.1292222222222223,100.0,0.0,-110.28933333333335
472,49.30021111111111,11.23224617445107,3.054421768707483,49.0,11.95059149108246,-37.34961962002865
473,61.89333333333333,10.613094307812254,3.3815384615384616,65.0,104.19353566318321,42.30020232984988
474,68.1468888888889,15.621276375683687,3.395424836601307,68.0,124.1966048877797,56.049715998890804
475,73.05933333333334,17.148969229023002,3.1421052631578945,57.0,63.962129820352025,-9.097203512981316
476,75.85733333333333,15.291420139661334,3.38988603988604,78.0,97.72537019942114,21.868036866087806
477,65.82587777777778,13.451109528462391,3.3119929453262786,63.0,76.0700350934264,10.244157315648621
478,59.06555555555555,13.201329530516363,3.0192592592592593,60.0,149.99345827592887,90.92790272037332
479,57.35688888888889,12.760900222237364,3.0720430107526884,62.0,89.46455578785921,32.10766689897032
480,47.38077777777778,9.914926691528139,3.381623931623932,52.0,44.3503602898684,-3.030417487909382
481,117.29577777777779,18.717228978249427,3.1865079365079363,98.0,61.25534818860408,-56.040429589173705
482,45.95144444444445,9.556035396380604,3.0412429378531076,59.0,9.04218002529542,-36.909264419149025
483,55.880411111111115,11.727181471097598,3.4590038314176246,58.0,61.56522692032203,5.684815809210917
484,42.05177777777778,10.816791417942566,3.423913043478261,46.0,26.148831046401714,-15.902946731376066
485,49.503888888888895,9.639202808014385,3.308222222222222,50.0,14.300344083022237,-35.203544805866656
486,22.163444444444444,6.545528392351619,3.4645299145299147,26.0,14.99830334484772,-7.165141099596724
487,67.27444444444444,9.107873135846628,2.9780487804878044,82.0,30.89417390286623,-36.38027054157821
488,77.73822222222222,12.585391618748032,3.091983122362869,79.0,143.31591789603942,65.5776956738172
489,81.01277777777779,16.157027971486922,3.0728395061728393,72.0,116.7248206326777,35.71204285489992
490,55.03733333333333,11.38783332619373,3.017412935323383,67.0,54.81793687448844,-0.21939645884489067
491,39.16311111111111,11.193236385158341,3.6777777777777776,27.0,68.14271948590498,28.97960837479387
492,58.17155555555555,14.657421551617551,3.138534278959811,47.0,60.42187295883692,2.2503174032813718
493,91.48821111111111,17.343096529299324,3.4540650406504065,82.0,52.089535692218654,-39.39867541889246
494,88.96988888888889,16.4845442419231,3.1438717067583046,97.0,156.7259788482253,67.75608995933642
495,45.379000000000005,10.352537663173011,3.1699763593380617,47.0,57.60659943618307,12.227599436183063
496,58.37266666666667,18.462089355508667,3.8431818181818183,44.0,28.0992546577766,-30.273412008890066
497,52.11333333333333,11.159131495342152,3.2576131687242795,54.0,47.153741844734775,-4.959591488598555
498,61.058,18.348709913931774,3.19685534591195,53.0,34.32625034241674,-26.731749657583258
499,53.44011111111111,13.48822195280719,3.183888888888889,40.0,16.49162547753677,-36.948485633574336
500,78.88544444444445,17.06591827749628,3.158459595959596,88.0,115.416408180194,36.53096373574955
501,43.144555555555556,9.632130122622206,3.017777777777778,50.0,84.33502171728846,41.1904661617329
502,67.17611111111111,12.05695628336506,3.014506172839506,72.0,20.200945743475252,-46.97516536763586
503,68.45822222222222,12.125435942843248,3.0539473684210527,76.0,87.72815877704119,19.26993655481897
504,40.18332222222222,8.174944296037793,3.397018970189702,41.0,27.110832218963786,-13.072490003258437
505,61.51166666666667,14.620822941378714,3.289517819706499,53.0,46.52971955116363,-14.98194711550304
506,49.88344444444445,8.70878365339259,3.2058585858585857,55.0,35.10811973994642,-14.775324704498033
507,47.15066666666667,10.969650041020994,3.3505668934240362,49.0,26.78179627454178,-20.368870392124894
508,67.93333333333334,17.825377440572655,3.5012121212121214,55.0,69.5814512958593,1.6481179625259585
509,13.363333333333333,3.5213129573811264,2.9444444444444446,19.0,7.811201638846916,-5.552131694486417
510,66.86422222222222,13.063280983827221,3.5584474885844752,73.0,75.90616487245222,9.041942650229998
511,45.20188888888889,8.602469451365282,3.1219954648526076,49.0,44.066460168235025,-1.135428720653863
512,44.48122222222222,7.792086280435284,3.10491452991453,52.0,39.16687163610685,-5.314350586115374
513,49.376666666666665,9.609412637406884,3.3057613168724282,54.0,26.970432456963017,-22.406234209703648
514,63.75222222222222,16.007357772955874,3.4713991769547325,54.0,45.36699520332265,-18.38522701889957
515,49.212555555555554,10.40424022906382,3.112121212121212,55.0,67.79992188912016,18.587366333564603
516,32.544200000000004,8.37204541503811,3.2225225225225227,37.0,40.695174568742694,8.15097456874269
517,107.09087777777778,17.681807559124934,2.96996699669967,101.0,54.74725315690415,-52.343624620873626
518,39.055,8.60697669061611,3.0825396825396827,42.0,40.994711594269205,1.9397115942692054
519,35.54855555555555,7.3065043458076335,3.3974358974358974,39.0,48.90391900501111,13.35536344945556
520,36.929,13.275499783224056,3.188888888888889,24.0,6.104266186734431,-30.82473381326557
521,121.55454444444445,21.028790302799784,3.2508444444444446,125.0,154.57849477143878,33.02395032699434
522,69.60376666666667,11.499871393565206,2.8779202279202276,78.0,46.54321191393853,-23.060554752728144
523,58.01966666666667,11.14134374019035,3.1434494195688223,67.0,74.57263894277614,16.552972276109465
524,33.09711111111111,10.97327941973003,3.422649572649573,26.0,20.466274555780796,-12.630836555330315
525,45.528666666666666,7.523710117527408,3.1483430799220273,57.0,4.441728899772667,-41.086937766893996
526,43.52521111111111,10.067350988280063,3.3489898989898994,44.0,8.105647010532563,-35.41956410057855
527,31.03177777777778,6.97964948377456,3.0458333333333334,40.0,31.77785846740393,0.7460806896261509
528,31.976100000000002,9.739373276620434,3.2273148148148145,24.0,36.128556343648135,4.152456343648133
529,55.98,15.439902412802159,3.1160206718346255,43.0,30.6681776633276,-25.311822336672396
530,79.51755555555556,15.264677027178452,3.1752941176470584,85.0,104.90721121464989,25.38965565909433
531,100.524,13.19082297608897,3.0151202749140893,97.0,17.012678630237538,-83.51132136976247
532,97.47776666666667,14.753153215461312,3.217777777777778,100.0,94.25711106970495,-3.22065559696172
533,59.48976666666666,11.455341944145678,3.30146750524109,53.0,23.468231089955705,-36.02153557671096
534,53.34333333333333,11.17735391089672,3.4785185185185186,60.0,35.95777794473674,-17.385555388596586
535,103.00933333333333,20.210909880612686,3.10968096809681,101.0,105.45058609992812,2.4412527665947863
536,74.37722222222222,11.888492314024685,2.984883720930233,86.0,42.37964418587493,-31.997578036347285
537,102.83543333333334,21.425954119565077,3.32794959908362,97.0,83.06246531752838,-19.772968015804963
538,50.431444444444445,14.247722905871555,3.465509259259259,48.0,75.80584439581544,25.374399951370997
539,35.42433333333334,8.684659217858641,3.472979797979798,44.0,25.206328391694402,-10.218004941638934
540,103.32266666666668,22.003801193573178,3.0852233676975946,97.0,146.49563543210132,43.172968765434646
541,78.2401111111111,14.578066678315176,3.129268292682927,82.0,34.04591619541316,-44.19419491569794
542,62.339977777777776,17.739963575566385,2.9343434343434343,55.0,78.85396811668406,16.513990338906282
543,91.01833333333333,16.279102013303763,3.172824631860777,83.0,156.6229199522905,65.60458661895716
544,68.55844444444445,11.886892309977979,3.179555555555556,75.0,0.0,-68.55844444444445
545,64.74733333333333,13.402524984310086,3.3282186948853614,63.0,38.94891196448393,-25.798421368849397
546,55.21088888888888,16.021049401337606,3.2576388888888888,48.0,71.14122143620865,15.930332547319772
547,41.59845555555555,14.277047402840209,3.2666666666666666,28.0,37.37526832202053,-4.223187233535022
548,47.29222222222222,9.313327140285178,3.1146090534979427,54.0,56.06837878239057,8.776156560168346
549,69.26587777777777,11.352856796169503,3.1236928104575163,68.0,48.348095716454615,-20.91778206132316
550,57.9873,13.10595695544502,2.8962174940898344,47.0,60.49785399156364,2.51055399156364
551,75.0051111111111,15.84393934703297,2.937301587301587,84.0,69.16681694208435,-5.838294169026753
552,82.15488888888889,14.495330301490647,2.8286935286935284,91.0,130.12439164993842,47.969502761049526
553,0.5677777777777778,0.4546458747319022,9.044444444444444,1.0,0.6400050282927333,0.07222725051495549
554,152.726,18.564964998438825,3.185126859142607,127.0,178.50635208404867,25.780352084048673
555,174.3719888888889,21.293198013193987,2.9959183673469383,147.0,138.46208600874084,-35.90990288014805
556,159.86822222222222,26.506459105887515,3.099842395587076,141.0,120.89185212874219,-38.97637009348003
557,162.13833333333335,26.68389693463038,3.1379423868312757,135.0,127.07120151195319,-35.06713182138016
558,32.96655555555555,9.267635985867258,3.423809523809524,42.0,39.46841978841657,6.501864232861017
559,38.78077777777778,9.198976766226123,3.088888888888889,43.0,30.617724978485892,-8.163052799291886
560,39.89888888888889,11.762833435739614,3.260536398467433,29.0,45.67973629794072,5.78084740905183
561,80.38698888888888,15.73336131468105,3.2333333333333334,80.0,163.80459935923983,83.41761047035095
562,96.77633333333334,17.890623333423207,2.9784650630011456,97.0,138.92846067043666,42.15212733710332
563,49.98888888888889,10.829136772889266,2.9557734204793027,51.0,41.84011182653824,-8.148777062350646
564,115.09444444444445,21.71752169480429,3.509810874704492,94.0,184.22096895964015,69.1265245151957
565,73.06,11.032762751576959,3.1824417009602195,81.0,58.15300662352273,-14.906993376477274
566,33.25864444444444,5.822215838099633,2.829100529100529,42.0,0.0,-33.25864444444444
567,99.31933333333333,20.52309741828581,3.2345933562428404,97.0,49.25810316194535,-50.06123017138798
568,33.77245555555556,12.939147636308283,3.3623188405797104,23.0,2.181837052286501,-31.59061850326906
569,60.006322222222224,11.759225975662325,3.0394524959742353,69.0,49.45980652780286,-10.546515694419362
570,52.83122222222222,11.687442490662118,3.4382716049382718,54.0,53.31775496419041,0.4865327419681833
571,50.23255555555556,11.37181599454251,3.2781818181818183,55.0,92.33842076769275,42.105865212137196
572,74.42066666666666,16.008264564968385,3.0001522070015225,73.0,86.58574322022241,12.16507655355575
573,55.43166666666667,8.940389636583665,3.0272875816993463,68.0,49.35911292695499,-6.0725537397116796
574,45.849755555555554,9.552865183832251,3.1166666666666667,34.0,64.86377713239379,19.01402157683824
575,26.85832222222222,4.910689221009951,3.174444444444444,30.0,0.0,-26.85832222222222
576,40.41555555555556,9.16767551819933,3.2129629629629632,48.0,45.176802187022766,4.761246631467209
577,124.70655555555555,17.242527458903364,3.0273946360153254,116.0,172.7725271192101,48.06597156365456
578,74.95299999999999,12.624837518144565,3.0603921568627452,85.0,19.540762560031766,-55.41223743996822
579,56.50333333333334,10.75874548887471,3.012670565302144,57.0,88.81629131066776,32.31295797733443
580,57.160666666666664,10.539624622870171,3.410919540229885,58.0,66.83500682499286,9.674340158326196
581,78.96211111111111,12.526362178450619,2.8608187134502923,76.0,62.56610591084281,-16.396005200268306
582,41.968199999999996,6.902797389627423,3.4690058479532166,38.0,55.24655795656089,13.278357956560896
583,59.998333333333335,12.00764225282841,3.0149831649831653,66.0,128.11722682341704,68.1188934900837
584,32.840666666666664,5.207959077489855,3.522222222222222,29.0,35.826971196812174,2.9863045301455102
585,48.09477777777777,8.521732195568209,3.520098039215686,68.0,54.06383474676996,5.9690569689921915
586,119.19,23.739568117007153,3.0472727272727274,110.0,91.81438719189916,-27.37561280810084
587,28.053444444444445,4.060272908609041,3.206280193236715,23.0,16.132913541842218,-11.920530902602227
588,17.641555555555556,3.7367834245574674,3.1594202898550723,23.0,24.965763274222002,7.324207718666447
589,14.453777777777777,3.639325032425031,3.507936507936508,21.0,8.266955088359495,-6.186822689418282
590,18.707555555555555,3.3700016040776073,3.1435897435897435,13.0,19.37697023489748,0.6694146793419264
591,16.386777777777777,3.564315282520401,3.442063492063492,14.0,12.473144560757435,-3.913633217020342
592,24.419222222222224,5.386093877146334,3.406565656565656,22.0,30.267379624653437,5.848157402431212
593,106.33175555555556,18.44342808096635,3.2339285714285717,112.0,124.07119426431748,17.739438708761924
594,20.89888888888889,5.6014932688925185,3.301777777777778,25.0,31.740604895303797,10.841716006414906
595,64.00488888888889,8.571430628618739,3.1858187134502924,76.0,47.68311741878422,-16.321771470104665
596,110.04899999999999,19.31872364465176,2.917874396135266,92.0,95.19926662294988,-14.849733377050114
597,72.16055555555555,13.926434193676837,3.116596343178622,79.0,36.84648881131996,-35.31406674423559
598,40.62433333333333,8.193684201048809,3.340740740740741,45.0,31.59977458579068,-9.024558747542653
599,97.81166666666665,20.713602502985456,3.0663003663003665,91.0,116.26386169610268,18.452195029436027
600,49.29277777777778,6.06015092847572,3.2555555555555555,54.0,67.94981360808116,18.65703583030338
601,38.147333333333336,12.92563351630213,3.4912698412698413,28.0,20.558259328410703,-17.589074004922633
602,92.06576666666666,17.451345921533786,2.9953984287317623,99.0,132.0962345328665,40.03046786619984
603,33.08221111111111,8.613008923003642,3.515079365079365,42.0,55.505960028711115,22.423748917600008
604,6.537077777777777,2.108768196955129,3.1808080808080805,11.0,7.888405836988458,1.3513280592106804
605,37.821666666666665,6.203820723798664,3.2019444444444445,40.0,73.31343947865015,35.49177281198349
606,28.734111111111112,8.274752027167406,3.4029629629629627,30.0,17.61703869930124,-11.117072411809872
607,87.85207777777778,13.381624444332749,3.287379972565158,81.0,33.17932687688201,-54.67275090089577
608,51.562888888888885,15.168949971766093,3.1642642642642644,37.0,5.704911609554835,-45.85797727933405
609,39.99355555555556,11.032943856348057,3.197530864197531,27.0,69.90962119811331,29.916065642557754
610,49.907333333333334,11.830243550828119,3.333091787439613,46.0,66.23615580010704,16.32882246677371
611,10.587555555555555,2.2242298559130718,3.4317460317460315,14.0,10.293302659904697,-0.29425289565085855
612,55.592555555555556,9.33393633752977,2.9741996233521655,59.0,63.37464126180414,7.782085706248587
613,37.825,7.44495504472509,3.4029239766081867,38.0,16.539188392969457,-21.285811607030546
614,40.443777777777775,11.343219880326453,3.2462365591397853,31.0,89.90150255936928,49.4577247815915
615,36.31277777777778,11.539380255959827,3.2074074074074077,27.0,38.6589678104019,2.346190032624115
616,35.419022222222225,7.219238821928515,3.0847545219638244,43.0,37.3563505527753,1.937328330553072
617,29.974444444444444,10.138076088022904,3.5328502415458938,23.0,40.85167011828612,10.877225673841679
618,31.99411111111111,10.495230901362243,3.3430555555555554,24.0,39.688842513938404,7.694731402827294
619,41.379555555555555,12.622396975940314,3.221111111111111,30.0,46.011666265885395,4.63211071032984
620,38.851444444444446,13.071166188622449,3.370505050505051,55.0,23.49590724920144,-15.355537195243006
621,112.83399999999999,19.450603456742943,3.2899801587301587,112.0,139.43283030454145,26.598830304541465
622,30.912222222222223,6.5186765007054115,3.3231481481481477,36.0,60.00100195357329,29.088779731351064
623,20.38522222222222,5.0045361957260415,3.320707070707071,22.0,34.09856553377307,13.713343311550847
624,39.94721111111111,7.7165380991627455,3.24,55.0,71.76889236799259,31.821681256881483
625,51.35166666666666,9.269821550225961,3.093518518518519,60.0,38.225778161232284,-13.125888505434375
626,18.421111111111113,7.596222959204303,3.7865740740740743,24.0,9.306300936073882,-9.114810175037231
627,55.42211111111111,23.15976113742478,3.320601851851852,48.0,51.93642278006753,-3.4856883310435762
628,108.55233333333332,21.870870990090186,3.1424145299145296,104.0,111.57686796019989,3.0245346268665685
629,32.52144444444444,9.709816249445847,3.557070707070707,22.0,50.313788784212065,17.792344339767624
630,51.55444444444444,16.320794491505545,3.1312661498708008,43.0,7.9274075810344975,-43.62703686340994
631,48.85755555555556,16.331990343013754,3.253015873015873,35.0,86.2226004095879,37.36504485403234
632,53.38633333333334,14.735650986637815,3.14320987654321,45.0,49.16860216191461,-4.217731171418727
633,38.123777777777775,12.104103824251698,3.24375,32.0,29.98661825367005,-8.137159524107727
634,52.803666666666665,16.553023244692366,3.2796296296296297,42.0,26.08225563511026,-26.721411031556404
635,57.221222222222224,9.563502464487822,2.8925925925925924,57.0,9.874761538843075,-47.34646068337915
636,33.24811111111111,8.043283595569134,3.0472934472934474,39.0,46.932544630593085,13.684433519481978
637,17.42222222222222,3.665038828305066,3.686928104575163,17.0,18.060903180841205,0.6386809586189841
638,34.09011111111111,8.336942086778711,3.354545454545454,22.0,12.102655910530418,-21.987455200580698
639,35.05844444444445,8.837131685646833,3.2337164750957856,29.0,12.356720853658638,-22.70172359078581
640,106.06322222222222,20.52543009322485,3.1468253968253967,98.0,88.25601863240675,-17.807203589815472
641,16.140555555555558,5.157660466300873,3.623391812865497,19.0,29.61002288173132,13.469467326175764
642,26.522222222222222,6.801886020304109,3.354789272030651,29.0,23.079752468305973,-3.4424697539162494
643,42.06122222222223,8.247265781543042,3.602102102102102,37.0,10.44920733078821,-31.612014891434015
644,6.8631111111111105,1.8514711092573066,3.64,10.0,6.019830134307744,-0.8432809768033662
645,44.74088888888889,7.895082475242824,3.146111111111111,40.0,38.639941423158064,-6.100947465730826
646,27.53811111111111,6.710729442500043,3.2484848484848485,22.0,0.0,-27.53811111111111
647,97.36511111111112,16.895232040959144,3.042013888888889,96.0,94.72189825547625,-2.6432128556348715
648,84.99177777777778,14.51127632650621,3.1225768321513,94.0,75.17800964142205,-9.813768136355733
649,33.39477777777778,5.826480470160655,2.938138138138138,37.0,45.01960619798708,11.624828420209298
650,43.21576666666667,8.403362521279501,2.9782051282051283,52.0,83.16779425470128,39.95202758803461
651,61.82588888888889,13.132736170096395,2.9993333333333334,50.0,96.65133106035263,34.82544217146374
652,31.02877777777778,5.074854916347121,3.4213991769547323,27.0,26.857134064686036,-4.171643713091743
653,14.038777777777778,4.129728567345566,3.4339181286549705,19.0,6.271642108688818,-7.76713566908896
654,51.01288888888889,8.327362538129835,2.9898989898989896,55.0,116.65014774604794,65.63725885715905
655,17.80911111111111,3.915620588649669,3.297222222222222,12.0,18.336424946706124,0.5273138355950131
656,25.149888888888885,6.651983820753065,3.907936507936508,21.0,25.325048960844633,0.175160071955748
657,14.489555555555555,3.8583477022244805,3.533333333333333,19.0,14.314774660574049,-0.17478089498150595
658,93.85799999999999,18.46879385658018,2.8789598108747043,94.0,103.15391973807468,9.295919738074687
659,25.782766666666667,6.379909171362196,3.5444444444444443,30.0,23.92176125839722,-1.861005408269449
660,28.674666666666663,7.498692200584122,3.482905982905983,39.0,20.449883253355758,-8.224783413310906
661,14.488222222222223,4.420968315758305,3.4216666666666664,20.0,10.52671528977224,-3.961506932449984
662,65.08222222222221,16.653321683560005,3.388888888888889,65.0,64.01639441687117,-1.0658278053510486
663,27.811999999999998,10.091302429275474,3.3383333333333334,20.0,20.255135132613862,-7.556864867386135
664,61.867555555555555,12.166978825198717,3.203931623931624,65.0,39.81654252439408,-22.051013031161474
665,42.144444444444446,13.56623726418327,3.2412698412698413,35.0,44.38716585352981,2.2427214090853624
666,75.01955555555556,17.530194939923238,3.2756218905472636,67.0,65.45541679170314,-9.564138763852412
667,46.03944444444445,10.233566641437577,3.441563786008231,54.0,80.66094526578777,34.621500821343325
668,52.37277777777778,14.106914316146396,3.257181571815718,41.0,0.0,-52.37277777777778
669,68.77711111111111,15.540916075297035,3.0267056530214425,57.0,106.31245512771623,37.53534401660512
670,54.832,15.205857327972396,3.1024154589371977,46.0,88.99467163751501,34.16267163751501
671,118.48966666666666,20.484158716300918,3.356753812636166,102.0,0.0,-118.48966666666666
672,87.47455555555555,11.853925643896888,3.2393358876117495,87.0,72.48633306226499,-14.988222493290564
673,15.928333333333333,4.9038769917853555,3.890476190476191,21.0,12.97011636973185,-2.9582169636014832
674,22.389888888888887,5.329698959486504,3.492982456140351,19.0,6.6328736616170305,-15.757015227271857
675,58.809555555555555,14.491887611412901,2.8909560723514214,43.0,35.93802870509866,-22.871526850456895
676,21.078888888888887,4.755293075584997,3.3569444444444443,16.0,9.374036464259866,-11.70485242462902
677,10.95788888888889,3.3120598480332153,3.482638888888889,16.0,20.55848130004895,9.60059241116006
678,128.79722222222222,26.37318019826747,3.1749235474006117,109.0,189.0536111875949,60.25638896537268
679,85.3398888888889,13.451143762775022,2.857654320987654,90.0,139.59707415033992,54.25718526145103
680,21.17677777777778,5.476122803708693,3.538011695906433,19.0,28.81812224211468,7.6413444643369
681,60.33522222222222,16.265373176069588,3.7649895178197066,53.0,26.274427463829664,-34.06079475839256
682,31.09022222222222,5.506038151869066,3.4716475095785437,29.0,22.93649640287355,-8.153725819348669
683,13.064,3.0697717222891825,3.098148148148148,18.0,16.260594633940762,3.1965946339407623
684,77.35676666666667,11.696635221581529,3.5234126984126983,84.0,30.086838792017264,-47.26992787464941
685,13.352,3.9602049090101787,3.4216666666666664,20.0,18.111977519830862,4.759977519830862
686,13.823333333333332,4.309562401205909,3.1698412698412697,14.0,12.162284289730357,-1.6610490436029757
687,43.69733333333333,12.979113974018485,3.098611111111111,40.0,35.50799844945137,-8.189334883881962
688,19.191,4.747326876454802,3.47962962962963,24.0,26.0130163748966,6.822016374896602
689,32.76166666666667,11.730872765600036,3.627956989247312,31.0,40.03906992823424,7.277403261567571
690,7.446555555555556,2.6055809424081797,3.5122222222222224,10.0,6.102578251831727,-1.343977303723829
691,23.829777777777775,6.48351859974262,3.158169934640523,17.0,37.64306357044019,13.813285792662416
692,74.25844444444445,11.773465778158243,3.234705075445816,81.0,34.119403917692836,-40.139040526751614
693,32.464666666666666,9.005327412024107,3.7584795321637423,19.0,42.46273875045493,9.998072083788266
694,32.520777777777774,7.0005298720445595,3.2047008547008544,26.0,42.164834882832906,9.644057105055133
695,37.977111111111114,10.766747210422169,3.469298245614035,38.0,32.099271351173,-5.877839759938112
696,28.428333333333335,5.378278461876359,3.4227513227513224,21.0,33.06404246698651,4.635709133653172
697,19.136777777777777,4.225512355817166,2.908333333333333,12.0,7.1656365347546025,-11.971141243023174
698,44.805,9.936166517132238,3.259322033898305,59.0,65.50551529778261,20.70051529778261
699,122.11177777777777,21.501751618105253,3.0515046296296298,96.0,110.82241347979647,-11.289364297981308
700,10.988333333333333,3.0715897322308634,3.2921568627450983,17.0,8.11640593809831,-2.871927395235023
701,29.389777777777777,9.461950885351497,3.5072916666666667,32.0,44.80485179487022,15.41507401709244
702,75.31611111111111,20.871053913211703,3.464838255977497,79.0,48.79189728244686,-26.52421382866425
703,19.727666666666668,4.045300519384787,3.011111111111111,27.0,5.834839182885909,-13.89282748378076
704,125.37887777777777,18.60119777092281,3.101545893719807,115.0,27.794668331489397,-97.58420944628838
705,29.75566666666667,6.398803618865717,3.508888888888889,20.0,38.77178172112854,9.01611505446187
706,16.18477777777778,3.6181493897076993,3.4396825396825395,14.0,5.823045512629663,-10.361732265148117
707,80.18133333333333,15.452223737280224,2.9990740740740742,84.0,150.5322019518745,70.35086861854117
708,38.199333333333335,13.196053700194879,3.3373219373219376,39.0,0.0,-38.199333333333335
709,39.69111111111111,7.423637384058273,3.4932461873638343,51.0,73.35823021558708,33.66711910447597
710,15.465,4.8343569689639985,3.3739316239316235,26.0,17.096692565144245,1.6316925651442453
711,10.058777777777777,3.342948919465014,4.05679012345679,18.0,9.572369927526958,-0.4864078502508189
712,37.71088888888889,8.1130449325394,3.300666666666667,50.0,27.43619732084534,-10.274691568043547
713,87.086,15.667532793015766,2.9020671834625325,86.0,104.46558382723222,17.379583827232224
714,108.97577777777778,18.211486557848364,2.9964157706093193,93.0,106.92514229368624,-2.0506354840915435
715,15.705333333333334,3.3700475774322984,3.395959595959596,22.0,24.369195245515076,8.663861912181742
716,13.059111111111111,3.411524962796736,3.9444444444444446,20.0,13.80496688903038,0.7458557779192692
717,14.963666666666667,3.3586117550780292,3.7293333333333334,25.0,16.08819939563086,1.1245327289641924
718,14.516300000000001,3.2668203468589585,3.721693121693122,21.0,11.877148021920004,-2.6391519780799975
719,18.692622222222223,4.462004015373417,3.903240740740741,24.0,18.160390706508856,-0.5322315157133666
720,19.70601111111111,4.820569593120956,3.6162037037037034,24.0,22.738783650014398,3.032772538903288
721,23.878744444444443,5.64310473266669,3.4349673202614377,34.0,3.4604074418375053,-20.41833700260694
722,108.49155555555555,18.885939476568524,3.1522336769759454,97.0,35.358188744769514,-73.13336681078604
723,25.18408888888889,5.731401359403456,3.457777777777778,30.0,34.543303394782654,9.359214505893764
724,17.1544,3.3711284770813412,3.5825396825396827,28.0,18.619947035910982,1.4655470359109835
725,3.9487444444444444,1.3493777222587973,5.019047619047619,7.0,3.585492855797947,-0.3632515886464973
726,16.54866666666667,3.4660086814339155,3.843295019157088,29.0,16.70119517349409,0.15252850682741936
727,25.327111111111112,6.202364761863092,3.3472222222222223,40.0,29.728731347053376,4.401620235942264
728,13.192655555555556,3.0987151855847106,3.7216666666666667,20.0,9.632223783006461,-3.5604317725490944
729,27.519866666666665,5.396458930934101,3.5694444444444446,40.0,16.810445532112535,-10.70942113455413
730,42.06655555555555,10.695465295635218,3.4706349206349203,28.0,46.18582320748484,4.119267651929285
731,40.28077777777778,6.290284684395181,3.0195011337868483,49.0,20.575969558308625,-19.704808219469154
732,44.78377777777778,14.66887981429536,3.176767676767677,33.0,53.92532812231893,9.141550344541152
733,32.927888888888894,8.063468946315211,3.233080808080808,44.0,4.896647016695098,-28.031241872193796
734,38.16577777777778,8.631309478917379,3.202136752136752,52.0,57.80504045423666,19.639262676458884
735,39.41498888888889,7.870968803060489,3.134782608695652,46.0,48.72870114800237,9.31371225911348
736,62.82877777777778,11.895279285325968,2.8925925925925924,72.0,70.87179541863277,8.043017640854991
737,51.95411111111111,10.495263875088623,2.911382113821138,41.0,77.48152939500727,25.52741828389616
738,6.1621999999999995,1.8627425907920192,3.8377777777777777,10.0,11.293693310833644,5.131493310833645
739,6.299555555555556,1.7214286665971006,3.1848484848484846,11.0,9.494595844792663,3.195040289237107
740,100.17322222222222,19.942855318751846,2.985608465608465,105.0,7.970070493048511,-92.20315172917371
741,78.85121111111111,15.03492313943985,3.158838383838384,88.0,28.403114342615112,-50.448096768496
742,55.72442222222222,9.979874141848736,3.1081349206349205,56.0,38.31559510432104,-17.408827117901183
743,44.663000000000004,7.5677152014849565,3.1117400419287216,53.0,45.24565228778324,0.5826522877832332
744,69.59077777777777,8.6603525407363,2.986556927297668,81.0,87.6029247068422,18.01214692906443
745,17.605222222222224,4.4350291608880745,3.11984126984127,14.0,11.216781668737383,-6.388440553484841
746,53.77188888888889,9.737777229982932,3.0389830508474573,59.0,58.79328974268826,5.021400853799371
747,21.64022222222222,5.292402436093464,3.2869047619047618,28.0,13.466894962722343,-8.173327259499878
748,32.14133333333333,8.559498068871289,3.5645502645502645,21.0,22.313834560717396,-9.827498772615932
749,27.42231111111111,6.101932960724702,3.313888888888889,36.0,8.135361998276737,-19.28694911283437
750,130.09666666666666,24.464056918239795,3.1509259259259257,120.0,70.04188272922919,-60.05478393743748
751,13.021188888888888,3.911373470354661,3.5873737373737375,22.0,4.220918604922107,-8.800270283966782
752,10.90311111111111,3.8261620528842406,3.2894444444444444,20.0,5.58308385732446,-5.320027253786651
753,29.325888888888887,6.100797128694999,3.612098765432099,45.0,44.77538001689427,15.44949112800538
754,16.450388888888888,3.15748796360724,3.6353174603174603,28.0,8.641398422906661,-7.808990465982227
755,14.476822222222221,4.125533124766491,3.424537037037037,24.0,33.5310858090308,19.054263586808577
756,41.016222222222225,8.505369695546898,3.1474747474747473,55.0,51.1332405465876,10.117018324365375
757,66.42744444444445,11.758847165185124,2.9137715179968704,71.0,72.56654011347828,6.139095669033836
758,98.97611111111111,12.905340649935834,2.9575285565939775,107.0,56.497653598959886,-42.47845751215122
759,13.148333333333332,2.822488443065083,3.167283950617284,18.0,17.752287198881273,4.6039538655479415
760,28.18988888888889,6.140410353824757,3.537566137566138,21.0,20.0763057079467,-8.11358318094219
761,20.17677777777778,6.7656782261776796,3.6454106280193237,23.0,21.40766023618144,1.2308824584036593
762,12.888355555555556,4.381441487981921,4.188359788359788,21.0,29.385995446299805,16.49763989074425
763,24.41915555555556,6.528345680480255,3.730392156862745,34.0,23.246304738541912,-1.1728508170136465
764,9.741999999999999,4.155966930041131,4.372549019607843,17.0,15.340110372337525,5.598110372337526
765,44.92887777777778,9.43881585820587,3.1764444444444444,50.0,29.132413947429928,-15.79646383034785
766,18.56428888888889,3.9961697792222926,3.841111111111111,30.0,18.239520666203017,-0.32476822268587213
767,6.474355555555555,2.013384150461193,3.862037037037037,12.0,12.206752022109592,5.732396466554037
768,29.90556666666667,6.235848900249393,4.043097643097643,33.0,20.5306640944287,-9.374902572237968
769,9.34891111111111,3.040541423712784,3.7583333333333333,16.0,17.82112134219851,8.472210231087399
770,11.35351111111111,2.6202279566516684,3.737037037037037,18.0,15.371245842663177,4.017734731552066
771,29.729844444444446,6.3886870359211,3.569250645994832,43.0,21.36881956819206,-8.361024876252387
772,75.403,31.664378754526552,3.4720370370370373,60.0,99.24572037400173,23.84272037400173
773,10.363222222222223,2.5835015989660572,3.78015873015873,14.0,15.402621164568638,5.0393989423464145
774,22.10488888888889,5.367100203485789,3.8450292397660824,19.0,28.977408951296553,6.872520062407663
775,23.070999999999998,6.32568938375694,3.3351851851851855,18.0,4.95767274370364,-18.11332725629636
776,11.293333333333333,2.4276270376043896,3.5765432098765433,18.0,7.187432080508908,-4.105901252824425
777,32.922666666666665,8.451965239191082,3.2795061728395063,45.0,28.848179900641497,-4.074486766025167
778,15.573666666666668,4.563685050039614,3.5228395061728395,18.0,14.994065959836124,-0.5796007068305435
779,27.70733333333333,9.697184208471741,3.5236559139784944,31.0,36.30591768210124,8.598584348767908
780,81.59544444444444,14.853638691732051,2.8850529100529103,84.0,88.84524051913017,7.249796074685733
781,132.818,22.590768533216135,3.0623563218390806,116.0,44.13911648242089,-88.67888351757912
782,9.827,2.638514414326126,4.00074074074074,15.0,11.6951021409178,1.8681021409178005
783,3.6783333333333337,1.0962051497493883,4.764814814814814,6.0,4.801302283201165,1.1229689498678317
784,32.70333333333333,6.335865096169104,3.7680555555555557,48.0,41.85684014108572,9.153506807752386
785,16.77863333333333,4.128426768533756,4.264251207729469,23.0,25.84564508724081,9.06701175390748
786,18.567333333333334,3.839254023983585,3.714176245210728,29.0,26.309188642113845,7.7418553087805115
787,29.03751111111111,6.302975974912535,3.63859649122807,38.0,35.70423443740942,6.666723326298307
788,10.803555555555556,3.403584795942511,3.591111111111111,15.0,10.42453597463627,-0.37901958091928734
789,23.778111111111112,4.602029326297248,3.038148148148148,30.0,4.030854296932078,-19.747256814179035
790,101.56144444444445,20.33632602799983,3.225925925925926,99.0,123.37776789182209,21.81632344737764
791,26.435666666666666,6.050414611106593,3.797222222222222,16.0,29.180847900974143,2.745181234307477
792,16.24662222222222,5.503046507791513,3.7942222222222224,25.0,18.45274160795403,2.20611938573181
793,3.3937444444444447,1.1545659290483807,4.444444444444445,7.0,1.2272652513731783,-2.1664791930712664
794,4.476388888888889,1.4510424435242628,4.1402777777777775,8.0,2.0567741460167848,-2.419614742872104
795,7.260077777777778,2.543841522287084,3.6777777777777776,12.0,11.083063591320515,3.8229858135427373
796,14.572311111111112,2.794547462488314,3.2888888888888888,23.0,14.284106107087592,-0.2882050040235207
797,20.594,6.88074969785229,3.45,20.0,27.611412680845913,7.017412680845911
798,23.27911111111111,6.398342419553105,3.6126436781609192,29.0,23.60872442332471,0.32961331221359913
799,94.46722222222222,17.180654722438128,3.0644179894179895,84.0,95.87271214333214,1.4054899211099183
800,31.84488888888889,7.532045135293593,3.519565217391304,46.0,46.784660662663605,14.939771773774716
801,5.146288888888889,1.5642381370217766,4.177777777777778,10.0,3.81843126339151,-1.327857625497379
802,14.971533333333335,3.388503913018153,3.7282828282828286,22.0,15.691071041332252,0.7195377079989171
803,9.496955555555555,2.6915992736081433,3.825,16.0,7.301851619923853,-2.1951039356317024
804,9.171966666666666,2.7218508551219505,3.4540740740740743,15.0,7.179374209265857,-1.992592457400809
805,90.0683,17.559324640496197,3.3464285714285715,84.0,76.14499621589478,-13.923303784105215
806,103.02866666666667,23.254413533005827,3.061111111111111,90.0,114.47173982319629,11.443073156529621
807,8.173333333333334,3.1807782949771513,3.412698412698413,14.0,6.216847299468591,-1.956486033864743
808,14.484222222222222,3.7398272440356064,3.6716666666666664,20.0,23.578547612084055,9.094325389861833
809,22.950322222222223,5.044994573170604,3.7996825396825398,35.0,12.684559298076948,-10.265762924145275
810,23.05566666666667,4.762096849550037,3.773202614379085,17.0,20.901441498048552,-2.154225168618119
811,26.482555555555553,7.686640469695589,3.43974358974359,26.0,20.659954465431017,-5.822601090124536
812,125.42722222222223,40.99574305189539,3.0582633053221286,119.0,216.17243054796054,90.74520832573832
813,38.61333333333333,6.389129813619449,3.255092592592592,48.0,42.40815088518346,3.79481755185013
814,12.788755555555555,2.61418430490755,3.85906432748538,19.0,19.386759348855136,6.598003793299581
815,87.32721111111111,11.69825311120459,3.027843137254902,85.0,22.4622889538608,-64.8649221572503
816,23.978666666666665,8.251334274126265,3.3125,24.0,27.1804213209285,3.2017546542618334
817,120.13777777777777,27.98862019062,3.6116809116809114,117.0,173.57691119221582,53.43913341443805
818,4.438711111111111,1.1902087272751352,4.45,8.0,4.621328539842797,0.18261742873168618
819,8.569666666666667,2.3479206435300592,3.3288888888888892,15.0,13.135072493759186,4.565405827092519
820,17.525555555555556,4.221382198453278,3.56965811965812,26.0,12.992671820314905,-4.532883735240651
821,26.192222222222224,5.224166355253802,3.108730158730159,42.0,44.6491928930526,18.456970670830376
822,151.37855555555555,33.030170190811276,3.193333333333333,125.0,325.3804942169851,174.00193866142953
823,26.809733333333334,5.09064182130397,3.584502923976608,38.0,21.94593080911443,-4.8638025242189045
824,10.015322222222222,3.0623233297457535,3.409259259259259,12.0,7.784396570901632,-2.2309256513205904
825,17.127544444444446,3.2645142425138136,3.396078431372549,17.0,29.573998057793982,12.446453613349536
826,16.643855555555554,3.5380009068828153,3.155072463768116,23.0,29.78894087211602,13.145085316560465
827,71.52988888888889,14.225307049820504,2.943247863247863,65.0,52.82982906553154,-18.70005982335735
828,14.551066666666667,3.037610425421472,3.946376811594203,23.0,11.493983472658519,-3.0570831940081487
829,88.67933333333333,16.37121348621525,3.0663082437275984,93.0,76.18509770466139,-12.494235628671944
830,53.471000000000004,13.93273181550182,3.0762626262626265,44.0,17.526443362243086,-35.94455663775692
831,35.738344444444444,9.416574924408096,3.078240740740741,24.0,19.322794600438634,-16.41554984400581
832,35.33388888888889,10.52047663021222,2.934920634920635,28.0,17.59378974827826,-17.74009914061063
833,49.480888888888884,15.13636343635429,3.1414414414414416,37.0,30.48523588485048,-18.995653004038406
834,27.281222222222222,8.22600355242109,3.2771929824561408,19.0,26.80809916194646,-0.4731230602757641
835,24.23011111111111,4.631108172874385,3.486486486486487,37.0,27.067635607720636,2.837524496609525
836,13.650733333333333,2.947224280878154,3.5657004830917876,23.0,24.233467713636774,10.58273438030344
837,48.38822222222222,11.264794474681015,3.4609375,64.0,24.23393363236116,-24.154288589861057
838,15.855866666666667,3.01495848332606,3.473232323232323,22.0,23.659509020295793,7.803642353629126
839,6.431211111111111,2.106671289314845,4.303333333333334,10.0,5.743107394792652,-0.6881037163184587
840,6.5891111111111105,1.9463106236403738,3.225925925925926,12.0,6.426150171677301,-0.16296093943380985
841,14.452522222222223,3.5705520777535313,3.8969696969696974,22.0,19.328944075485502,4.876421853263279
842,5.1274444444444445,1.524820587059867,3.240740740740741,9.0,2.2490970483869224,-2.878347396057522
843,141.40433333333334,25.745514981941877,3.15356820234869,123.0,168.44153094299577,27.037197609662428
844,17.418666666666667,4.01518779557169,3.111111111111111,28.0,18.868354432063576,1.4496877653969094
845,2.6622222222222223,1.0099035194521047,3.4377777777777774,5.0,3.3177295714241803,0.6555073492019581
846,18.498533333333334,4.273582346452459,3.7205761316872428,27.0,21.17313123247512,2.674597899141787
847,133.5871111111111,22.897131229192034,2.994995759117897,131.0,297.5853374118128,163.9982263007017
848,45.85733333333333,11.120943780174303,3.1996996996997,37.0,31.23480581442966,-14.62252751890367
849,46.302555555555564,14.893198022195888,2.950292397660819,38.0,34.00929755115431,-12.293258004401252
850,82.64122222222223,18.043023540676014,2.987080103359173,86.0,56.892674862251475,-25.74854735997075
851,69.49944444444444,13.0784404768255,3.036324786324786,78.0,50.19676885282535,-19.302675591619085
852,45.021,15.361542090339064,2.979310344827586,29.0,30.673097070766634,-14.347902929233367
853,49.718888888888884,12.91873793227483,3.285079365079365,35.0,79.27717928748311,29.558290398594224
854,28.089911111111114,5.625769949091402,3.43988603988604,39.0,48.040830140606495,19.95091902949538
855,17.788666666666668,4.022335969518881,3.505092592592592,24.0,12.712258881294241,-5.076407785372426
856,67.92311111111111,13.257980140400191,3.142483660130719,68.0,39.65502107315557,-28.268090037955545
857,9.532622222222223,2.296427673132248,3.663492063492064,14.0,11.779535426577366,2.2469132043551436
858,23.999111111111112,5.005780399023309,3.3270655270655274,39.0,17.372680012203578,-6.626431098907535
859,15.71588888888889,2.041193688239522,3.1743055555555557,16.0,20.68943194993293,4.973543061044042
860,54.525,11.2475523679449,3.1805555555555554,56.0,60.05718885595855,5.532188855958552
861,14.19521111111111,3.662638726120474,3.4339181286549705,19.0,3.4370572597061186,-10.758153851404991
862,15.798977777777777,3.1878984447254033,3.163333333333333,20.0,28.023477921182362,12.224500143404585
863,43.76522222222222,12.137466946716954,3.271111111111111,30.0,83.06371494569865,39.29849272347643
864,43.95722222222222,11.160882534048389,2.753174603174603,42.0,30.488977900778867,-13.468244321443354
865,49.96944444444444,14.364322560052681,3.036111111111111,40.0,40.28282866432164,-9.6866157801228
866,44.604,14.343679796773191,3.0688888888888886,35.0,50.979369943946836,6.375369943946836
867,54.80533333333333,10.045209512862506,3.067085953878407,53.0,63.970341263751116,9.165007930417786
868,13.891,3.075836252417445,3.2037037037037033,21.0,18.464919245849146,4.5739192458491456
869,46.35488888888889,14.422579149145212,2.985823754789272,29.0,92.94629290811602,46.591404019227134
870,38.85765555555555,10.532007409370552,2.864102564102564,26.0,35.419778346818404,-3.4378772087371487
871,20.00786666666667,4.268844740702656,3.4396825396825395,21.0,12.02175425212028,-7.986112414546389
872,99.02866666666667,19.95577538548565,3.136616161616162,88.0,30.732594637679362,-68.29607202898731
873,25.391033333333336,4.38771854783966,3.3304093567251463,38.0,16.11149882908337,-9.279534504249966
874,7.050444444444444,2.195358695122437,3.4877777777777776,10.0,6.933664503514781,-0.11677994092966237
875,97.87054444444445,13.83968548480157,3.1862222222222223,100.0,185.68772201421692,87.81717756977247
876,64.71686666666666,12.613478121402562,3.1374269005847952,76.0,47.96777595422464,-16.74909071244202
877,98.0548888888889,17.19031908407272,3.028888888888889,90.0,109.02664025520102,10.97175136631212
878,22.46131111111111,4.1253418370977295,3.7520634920634923,35.0,22.276871222093344,-0.1844398890177672
879,51.28165555555556,13.830288124226703,3.2135135135135133,37.0,81.75304281230746,30.471387256751896
880,41.72988888888889,10.345769747723406,2.8948948948948945,37.0,94.45419356960721,52.724304680718326
881,52.31133333333333,12.520825366770694,2.8929951690821256,46.0,38.42610666508707,-13.885226668246261
882,42.028,12.62712980811599,3.253174603174603,28.0,31.742919554922082,-10.285080445077917
883,64.74677777777778,13.312334301571756,3.083582089552239,67.0,98.54980391369816,33.803026135920376
884,25.032444444444444,7.117098624717628,2.8520833333333333,16.0,33.5671498600495,8.534705415605053
885,98.22099999999999,21.567523496574218,3.0532855436081245,93.0,188.91372012055945,90.69272012055946
886,43.129000000000005,14.988136810697313,3.052287581699346,34.0,55.72111935246175,12.592119352461744
887,4.938666666666667,1.7950807937749693,3.65,8.0,4.0514547304831545,-0.8872119361835127
888,49.67977777777778,14.208470410664779,3.1898148148148144,36.0,64.35157814386022,14.671800366082444
889,12.473644444444444,3.606384346119403,4.032804232804233,21.0,19.38843157368127,6.914787129236826
890,109.26633333333332,23.438202151879295,3.0898989898989897,99.0,154.09187308571913,44.82553975238581
891,63.39188888888889,14.91765479161847,3.088,50.0,79.47041839697519,16.078529508086298
892,52.06366666666666,13.361609726914715,3.4625,48.0,79.83116440693658,27.767497740269917
893,72.66633333333334,11.700120372952282,3.274074074074074,75.0,115.15054490359438,42.48421157026104
894,60.36664444444444,12.480483032562981,2.9115740740740743,48.0,102.08479463327167,41.71815018882723
895,37.227444444444444,7.09630835520553,3.0125925925925925,45.0,49.30235009484706,12.074905650402613
896,74.66122222222222,20.120053266162316,2.9402402402402403,74.0,68.4226021562783,-6.23862006594392
897,50.95933333333333,13.682743975410386,3.0021786492374725,51.0,54.697549159092254,3.738215825758921
